nu,method,mu_error,sigma_error,m
0.01,fourier,6.500089547560971,38.193544866654314,1
0.01,fourier,6.463765545734199,37.364227042108205,2
0.01,fourier,6.423764345008187,36.456074187203555,3
0.01,fourier,6.379492753891021,35.53644862434427,4
0.01,fourier,6.357801542393027,35.07300902707269,5
0.01,fourier,6.321899940673523,34.331673991754805,6
0.02,fourier,6.196351857345459,38.160921143779326,1
0.02,fourier,6.155613585569698,37.33137793515529,2
0.02,fourier,6.1095658132721775,36.423106456890984,3
0.02,fourier,6.06222832268432,35.50348948900683,4
0.02,fourier,6.038817421481075,35.04010023188645,5
0.02,fourier,5.998848716742564,34.2989055490307,6
0.03,fourier,5.924522906955562,38.12867216550446,1
0.03,fourier,5.877859969715604,37.298912776643846,2
0.03,fourier,5.825478743484969,36.390489870277065,3
0.03,fourier,5.772578161892339,35.470813709653704,4
0.03,fourier,5.746368199895349,35.00743075322644,5
0.03,fourier,5.704818936018581,34.26629595054993,6
0.04,fourier,5.682321244648426,38.09494152962153,1
0.04,fourier,5.630450860548014,37.26501339889266,2
0.04,fourier,5.573392911372724,36.356466374927955,3
0.04,fourier,5.516806720518352,35.43673629611885,4
0.04,fourier,5.4904379330965725,34.973355168739054,5
0.04,fourier,5.445983764319705,34.2322650069175,6
0.05,fourier,5.452785047530854,38.05889961493327,1
0.05,fourier,5.395245269120043,37.22884677653818,2
0.05,fourier,5.335229069710054,36.320209872606306,3
0.05,fourier,5.277127540149227,35.40044682552539,4
0.05,fourier,5.249031910203852,34.93707343317242,5
0.05,fourier,5.200178922329222,34.19603178631556,6
0.06,fourier,5.250703592292955,38.020009805863424,1
0.06,fourier,5.188409416358871,37.18986836634606,2
0.06,fourier,5.1252683136354085,36.28117306004791,3
0.06,fourier,5.061800104981481,35.361400523042555,4
0.06,fourier,5.030172549240104,34.898043722376954,5
0.06,fourier,4.978984887848455,34.15706106699396,6
0.07,fourier,5.0438961388803065,37.97783924021776,1
0.07,fourier,4.9823758276708245,37.147638322672506,2
0.07,fourier,4.912152701653226,36.2389118567488,3
0.07,fourier,4.84450974400176,35.31915232163787,4
0.07,fourier,4.810131099178804,34.85582158194524,5
0.07,fourier,4.759198867993007,34.11491070215331,6
0.08,fourier,4.852879370643857,37.93199122026061,1
0.08,fourier,4.783392778469748,37.101754531527504,2
0.08,fourier,4.710702798949374,36.19302027575385,3
0.08,fourier,4.640263291742894,35.27329442765289,4
0.08,fourier,4.6049843767690515,34.80999905627089,5
0.08,fourier,4.551507156316153,34.0691734171856,6
0.09,fourier,4.681558271066619,37.882075918005924,1
0.09,fourier,4.610930978272441,37.05182308527527,2
0.09,fourier,4.53843759776349,36.14310123974137,3
0.09,fourier,4.465466583531915,35.223427959776195,4
0.09,fourier,4.430728268400633,34.760176874723946,5
0.09,fourier,4.374083111244771,34.019449998682184,6
0.1,fourier,4.50046987495399,37.827695782971624,1
0.1,fourier,4.4254833602958445,36.99744337022418,2
0.1,fourier,4.351615061800703,36.08875163440856,3
0.1,fourier,4.276777776229096,35.169148241362,4
0.1,fourier,4.240951322044508,34.70594994620405,5
0.1,fourier,4.183665367242055,33.96533519825154,6
0.11,fourier,4.350317229948023,37.768437437311086,1
0.11,fourier,4.271886932147317,36.9381996969757,2
0.11,fourier,4.190809801438478,36.029553824432206,3
0.11,fourier,4.113752298338128,35.110036361318485,4
0.11,fourier,4.076403879755556,34.64689899344119,5
0.11,fourier,4.018194543571528,33.90640954061654,6
0.12,fourier,4.192522998153005,37.70386677773701,1
0.12,fourier,4.112517527669936,36.87365620557232,2
0.12,fourier,4.028396755804167,35.965070444406116,3
0.12,fourier,3.9464159657161506,35.045653946650326,4
0.12,fourier,3.9067557849291346,34.58258534834612,5
0.12,fourier,3.8456622519612442,33.842234192653024,6
0.13,fourier,4.045071918166708,37.63352584655314,1
0.13,fourier,3.9589907948171232,36.80335359454764,2
0.13,fourier,3.8745407289497327,35.894841032911195,3
0.13,fourier,3.7932686783177774,34.97553976089875,4
0.13,fourier,3.752822628936103,34.51254755321043,5
0.13,fourier,3.690666595396155,33.772347593897926,6
0.14,fourier,3.9086239806349727,37.55693080614358,1
0.14,fourier,3.81987068677785,36.72680699340922,2
0.14,fourier,3.7301261823789638,35.8183798305945,3
0.14,fourier,3.6455622486577406,34.89920746560599,4
0.14,fourier,3.6043282376893533,34.436299117392615,5
0.14,fourier,3.544337293197364,33.696263222541106,6
0.15,fourier,3.766846017933153,37.47357070613185,1
0.15,fourier,3.678290476712594,36.64350465611363,2
0.15,fourier,3.5877813287782785,35.73517441660528,3
0.15,fourier,3.5042799034305423,34.81614422438401,4
0.15,fourier,3.464013364112995,34.35332711430267,5
0.15,fourier,3.4037298721654285,33.613468192818296,6
0.16,fourier,3.6417046930973846,37.38290690923638,1
0.16,fourier,3.548715359704974,36.55290733318684,2
0.16,fourier,3.4553711600397046,35.64468503725524,3
0.16,fourier,3.367401568293828,34.725810004609684,4
0.16,fourier,3.3270089384671038,34.26309147586009,5
0.16,fourier,3.265570361606124,33.52342254617968,6
0.17,fourier,3.5218450831097297,37.284373136944204,1
0.17,fourier,3.4298015077842883,36.45444827778276,2
0.17,fourier,3.336779839437777,35.5463445789354,3
0.17,fourier,3.2513434381631954,34.627637528463225,4
0.17,fourier,3.2127750210723853,34.16502493697236,5
0.17,fourier,3.1489720459733186,33.42555919122636,6
0.18,fourier,3.4050666588811356,37.177376150465186,1
0.18,fourier,3.309329575839027,36.3475338971003,2
0.18,fourier,3.212497912682265,35.439559194152515,3
0.18,fourier,3.1252163982470074,34.521032881444306,4
0.18,fourier,3.083194278430916,34.05853363841419,5
0.18,fourier,3.0195637768739925,33.319284501928074,6
0.19,fourier,3.287708019146342,37.06129711540999,1
0.19,fourier,3.1935494420507258,36.231545094794335,2
0.19,fourier,3.096727541904503,35.32370962439371,3
0.19,fourier,3.006288144505686,34.40537682127643,4
0.19,fourier,2.964241043758205,33.94299843103148,5
0.19,fourier,2.9012755687873897,33.20397961754653,6
0.2,fourier,3.184398697697374,36.9354937187121,1
0.2,fourier,3.086508808697108,36.10583937094021,2
0.2,fourier,2.9880601328349123,35.19815328494313,3
0.2,fourier,2.898135261609379,34.28002685163311,4
0.2,fourier,2.8567089100084235,33.817776945608806,5
0.2,fourier,2.7902039589387733,33.07900250878967,6
0.21,fourier,3.078576536671009,36.799303117494794,1
0.21,fourier,2.980553982958218,35.969753757858626,2
0.21,fourier,2.883183387194311,35.06222718889621,3
0.21,fourier,2.7935341627783994,34.14432013734236,4
0.21,fourier,2.749734517505833,33.68220650494782,5
0.21,fourier,2.683634791611386,32.943690886784,6
0.22,fourier,2.9845141253997016,36.65204580404619,1
0.22,fourier,2.88310666649021,35.8226086749721,2
0.22,fourier,2.780277220202021,34.915251792757054,3
0.22,fourier,2.690819301171051,33.997577342989494,4
0.22,fourier,2.647740237649846,33.535607959958014,5
0.22,fourier,2.583604330848367,32.79736603663864,6
0.23,fourier,2.883828175312886,36.49303046836821,1
0.23,fourier,2.7855508220476297,35.6637127834418,2
0.23,fourier,2.6862110259336074,34.75653584377759,3
0.23,fourier,2.594598040719311,33.839107474705806,4
0.23,fourier,2.5527069573296695,33.3772905294471,5
0.23,fourier,2.4886015257890697,32.63933765523363,6
0.24,fourier,2.7856648682148903,36.32155993034901,1
0.24,fourier,2.684630819379975,35.49236891210804,2
0.24,fourier,2.5862988152631377,34.585382300124685,3
0.24,fourier,2.4941737429359248,33.66821379593929,4
0.24,fourier,2.450224493512501,33.206557714315394,5
0.24,fourier,2.3850879581929503,32.46890976387043,6
0.25,fourier,2.7098473043324027,36.136938196390794,1
0.25,fourier,2.60650953548062,35.30788110918098,2
0.25,fourier,2.507815795673374,34.401095377989634,3
0.25,fourier,2.4174080509647657,33.48420087108961,4
0.25,fourier,2.3730138222450057,33.022714339966804,5
0.25,fourier,2.3081158019471126,32.28538774953976,6
0.26,fourier,2.620126369208093,35.93847866988319,1
0.26,fourier,2.5186834142463574,35.10956284878093,2
0.26,fourier,2.4181229952819483,34.20298875448512,3
0.26,fourier,2.324415902218216,33.286382765679,4
0.26,fourier,2.282042113735451,32.82507475554519,5
0.26,fourier,2.2145033236893763,32.08808656335301,6
0.27,fourier,2.54123528281448,35.72551351048314,1
0.27,fourier,2.4364480230723506,34.896746387074195,2
0.27,fourier,2.335472033288144,33.99039492088508,3
0.27,fourier,2.2391971100044867,33.07409239746628,4
0.27,fourier,2.196237959786569,32.61297218435433,5
0.27,fourier,2.1315466570126924,31.876340070450905,6
0.28,fourier,2.449907413345776,35.497404093777554,1
0.28,fourier,2.3486573230661127,34.66879321941229,2
0.28,fourier,2.2482732691021496,33.76267563746499,3
0.28,fourier,2.157376225309851,32.84669198965594,4
0.28,fourier,2.114772643002784,32.385769176571614,5
0.28,fourier,2.0485315470068,31.649511502453723,6
0.29,fourier,2.375334910806188,35.25355247081425,1
0.29,fourier,2.2714223017995807,34.42510553783758,2
0.29,fourier,2.173656560239235,33.519233389188486,3
0.29,fourier,2.0786923037493015,32.603584525355075,4
0.29,fourier,2.034367134543755,32.14286906337725,5
0.29,fourier,1.9692880423910506,31.407004911538227,6
0.3,fourier,2.3054329100386264,34.99341366751241,1
0.3,fourier,2.2031064626139996,34.165138528863544,2
0.3,fourier,2.096827780269725,33.25952368206097,3
0.3,fourier,2.00456810890689,32.344226043031114,4
0.3,fourier,1.9585387795938842,31.88372825222361,5
0.3,fourier,1.8932752422221824,31.148277465832656,6
0.31,fourier,2.2411248683326166,34.71650859887845,1
0.31,fourier,2.134632057448533,33.888413286383596,2
0.31,fourier,2.0330199852563084,32.9830679549296,3
0.31,fourier,1.93728354933603,32.068138547688456,4
0.31,fourier,1.893663363917612,31.607869137940977,5
0.31,fourier,1.8301868500530396,30.872852360803215,6
0.32,fourier,2.1654398044991905,34.42243730588242,1
0.32,fourier,2.065335869119851,33.59453004750069,2
0.32,fourier,1.9658966998962573,32.6894668144651,3
0.32,fourier,1.8724469172570049,31.774923245460872,4
0.32,fourier,1.828814856618818,31.31489333735466,5
0.32,fourier,1.7617155952976236,30.58033205428046,6
0.33,fourier,2.103218587328115,34.11089215755712,1
0.33,fourier,1.9963538285551212,33.28318139379294,2
0.33,fourier,1.8938762322572094,32.378413235797794,3
0.33,fourier,1.8005465821792284,31.46427374404375,4
0.33,fourier,1.758465060886922,31.00449488982882,5
0.33,fourier,1.692903626982916,30.270411467520045,6
0.34,fourier,2.0373912574216657,33.78167060263814,1
0.34,fourier,1.9329273694243487,32.95416500229639,2
0.34,fourier,1.8313960726808416,32.049705313047454,3
0.34,fourier,1.7412844252872888,31.13598880318547,4
0.34,fourier,1.6982791318469752,30.676473007936544,5
0.34,fourier,1.6327586592671803,29.94289073648238,6
0.35000000000000003,fourier,1.9707224116330904,33.43468700957224,1
0.35000000000000003,fourier,1.8682476401279098,32.60739548499821,2
0.35000000000000003,fourier,1.7699915363740149,31.70325809851624,3
0.35000000000000003,fourier,1.678898635008453,30.789984173972314,4
0.35000000000000003,fourier,1.6372241567668917,30.330743916983586,5
0.35000000000000003,fourier,1.574917925573539,29.5976870520416,6
0.36,fourier,1.9149058773771914,33.06998310692995,1
0.36,fourier,1.81133070366861,32.24291482885884,2
0.36,fourier,1.7112077369254413,31.339114042531314,3
0.36,fourier,1.615962893401931,30.426303038880942,4
0.36,fourier,1.5738633621108633,29.967351295346507,5
0.36,fourier,1.5111228966855736,29.234845101069943,6
0.37,fourier,1.8593199738781683,32.6877365333371,1
0.37,fourier,1.757679509873915,31.86090094544729,2
0.37,fourier,1.655966755913465,30.957451543008933,3
0.37,fourier,1.5664425471297834,30.04512456164115,4
0.37,fourier,1.524107863315551,29.5864748246653,5
0.37,fourier,1.46171464622485,28.854545617425156,6
0.38,fourier,1.8046193425000352,32.28826703163322,1
0.38,fourier,1.7002180496915682,31.461673864889057,2
0.38,fourier,1.5992725448731768,30.558591139416766,3
0.38,fourier,1.5081793716194145,29.646770081582492,4
0.38,fourier,1.4660889335712746,29.188436384548663,5
0.38,fourier,1.4041800136434743,28.457111577488014,6
0.39,fourier,1.7442325873812554,31.87203987811635,1
0.39,fourier,1.642584731409702,31.045699164970046,2
0.39,fourier,1.5420237338471412,30.142998941964883,3
0.39,fourier,1.4528601681712767,29.23170654327095,4
0.39,fourier,1.4121691596276098,28.773703482599807,5
0.39,fourier,1.3477538596016871,28.043011631044028,6
0.4,fourier,1.7057161516466752,31.43966622454828,1
0.4,fourier,1.6004931802467404,30.613588313056965,2
0.4,fourier,1.5000925074771656,29.711286973677808,3
0.4,fourier,1.40984245408859,28.800546839083548,4
0.4,fourier,1.3671706523193445,28.342889597398703,5
0.4,fourier,1.305184766068702,27.612860445137954,6
0.41000000000000003,fourier,1.6466999988220625,30.991900145022914,1
0.41000000000000003,fourier,1.5442241293663574,30.166095712931885,2
0.41000000000000003,fourier,1.4441156055601994,29.264210217429746,3
0.41000000000000003,fourier,1.3537954455543646,28.35404685678934,4
0.41000000000000003,fourier,1.313236045235547,27.89675122650588,5
0.41000000000000003,fourier,1.2537955718011582,27.167415752954557,6
0.42,fourier,1.611132327528821,30.529632315902248,1
0.42,fourier,1.506374040733152,29.704112384733957,2
0.42,fourier,1.4099561631639008,28.80266029613284,3
0.42,fourier,1.3182283020359198,27.893099160320666,4
0.42,fourier,1.2759300004906842,27.43618156766726,5
0.42,fourier,1.2148392021641745,26.707572035892742,6
0.43,fourier,1.5592090408793768,30.053880406273617,1
0.43,fourier,1.45833545834136,29.22865635545788,2
0.43,fourier,1.356050416552965,28.327655863518256,3
0.43,fourier,1.2671490101027654,27.418723381162742,4
0.43,fourier,1.2259035114325973,26.9622009106424,5
0.43,fourier,1.1648336249547213,26.23435091625116,6
0.44,fourier,1.5132235226442743,29.565776408212134,1
0.44,fourier,1.411129981753496,28.740859989287156,2
0.44,fourier,1.3136677321839514,27.840329934783174,3
0.44,fourier,1.2260317834094239,26.932053549633398,4
0.44,fourier,1.1860341699989674,26.47594396892334,5
0.44,fourier,1.1247201282409403,25.748888489776185,6
0.45,fourier,1.4661492531404687,29.06655127939352,1
0.45,fourier,1.3658672599979702,28.241954630306406,2
0.45,fourier,1.271095453465293,27.34191452964225,3
0.45,fourier,1.1867431158834802,26.434322738579066,4
0.45,fourier,1.1468820501198809,25.978644523868127,5
0.45,fourier,1.0855095916870607,25.252419970592427,6
0.46,fourier,1.432296603396542,28.557517394139865,1
0.46,fourier,1.3310747896448551,27.733253053664804,2
0.46,fourier,1.2309231106190934,26.83372312385625,3
0.46,fourier,1.1444332879864416,25.926845515559442,4
0.46,fourier,1.1026722734167493,25.47161787731254,5
0.46,fourier,1.042324767999435,24.7462621445667,6
0.47000000000000003,fourier,1.386054343616385,28.040049393666166,1
0.47000000000000003,fourier,1.2867710536677786,27.216130315966428,2
0.47000000000000003,fourier,1.1876237651000405,26.31713150000256,3
0.47000000000000003,fourier,1.1021976632431272,25.410998794276928,4
0.47000000000000003,fourier,1.0631286400827502,24.956241703419096,5
0.47000000000000003,fourier,1.0063170798748793,24.231794221853093,6
0.48,fourier,1.346974083823257,27.515564085149414,1
0.48,fourier,1.2484626988175018,26.692003654497146,2
0.48,fourier,1.1522248398901962,25.793557647101384,3
0.48,fourier,1.0691761016155636,24.888201734863127,4
0.48,fourier,1.0302975765043658,24.433935949364024,5
0.48,fourier,0.9715248185881883,23.710437738214523,6
0.49,fourier,1.3111317165560559,26.985500059299387,1
0.49,fourier,1.2121940134086233,26.16231210497509,2
0.49,fourier,1.1155287174491109,25.26444137877987,3
0.49,fourier,1.0302750674302616,24.359895362695006,4
0.49,fourier,0.9912227463230875,23.906142454537253,5
0.49,fourier,0.9321803537370474,23.18363617477824,6
0.5,fourier,1.0341102603769545,24.27996151031309,1
0.5,fourier,0.904642018643934,22.731043980584882,2
0.5,fourier,0.8106294672470378,21.418094506550773,3
0.5,fourier,0.7353951818962596,20.19667450004487,4
0.5,fourier,0.6942330025968843,19.47659869927477,5
0.5,fourier,0.6513781602498732,18.664947797533678,6
0.51,fourier,1.005589180147354,23.744471579180242,1
0.51,fourier,0.8757179179430618,22.197541516229432,2
0.51,fourier,0.7804719086966717,20.887244482801396,3
0.51,fourier,0.7062052795735849,19.669376268201653,4
0.51,fourier,0.6648078025158679,18.952005662928663,5
0.51,fourier,0.6227918948735189,18.144050835192058,6
0.52,fourier,0.9750949148851459,23.20771160732456,1
0.52,fourier,0.8445374178609477,21.66285551481291,2
0.52,fourier,0.7519511558918657,20.35533168562427,3
0.52,fourier,0.6774130141149809,19.141180770594357,4
0.52,fourier,0.6396295155692023,18.426642316865827,5
0.52,fourier,0.5978262507387987,17.622556723867277,6
0.53,fourier,0.9472974396003028,22.671021333884884,1
0.53,fourier,0.8160075493885747,21.12832903413454,2
0.53,fourier,0.7248280006959474,19.823703875867302,3
0.53,fourier,0.6519320312179605,18.61344204156943,4
0.53,fourier,0.611129610245554,17.901867274066067,5
0.53,fourier,0.5710754228477427,17.101829920969568,6
0.54,fourier,0.9133551568081993,22.13567656190539,1
0.54,fourier,0.7870170677053349,20.595241296253153,2
0.54,fourier,0.6973858716465418,19.293645097806216,3
0.54,fourier,0.6226852704740486,18.087450504197722,4
0.54,fourier,0.5847923065136237,17.37897556646111,5
0.54,fourier,0.5435111691499616,16.58317127102061,6
0.55,fourier,0.8794291451517654,21.602878044461605,1
0.55,fourier,0.7577338857817044,20.064796573925637,2
0.55,fourier,0.669177667934444,18.76636456220133,3
0.55,fourier,0.5974443924881743,17.56442184108518,4
0.55,fourier,0.5590027580634563,16.859187500724804,5
0.55,fourier,0.5199373397157265,16.067806833938693,6
0.56,fourier,0.8571391810796432,21.073742808830076,1
0.56,fourier,0.7328748333994063,19.53811551485728,2
0.56,fourier,0.6456694276335834,18.242987966432114,3
0.56,fourier,0.5728613852634431,17.04548830064607,4
0.56,fourier,0.5356546199747723,16.34363994797122,5
0.56,fourier,0.49623818601054115,15.55687914490739,6
0.5700000000000001,fourier,0.8272852961391407,20.54929788710425,1
0.5700000000000001,fourier,0.7062175085030459,19.01622887213866,2
0.5700000000000001,fourier,0.6208144798129046,17.724551220027024,3
0.5700000000000001,fourier,0.5509825789176787,16.531692407071894,4
0.5700000000000001,fourier,0.5134023136585499,15.833380035549458,5
0.5700000000000001,fourier,0.47590233948684707,15.05144087402414,6
0.58,fourier,0.8025681669676507,20.03047633757107,1
0.58,fourier,0.6812238765830494,18.50007352515814,2
0.58,fourier,0.5956325581183515,17.21199645981648,3
0.58,fourier,0.5292013897918525,16.023982958144234,4
0.58,fourier,0.49320566373907665,15.329361125054984,5
0.58,fourier,0.45486928717128805,14.55245076989154,6
0.59,fourier,0.7714303865689407,19.518115375242715,1
0.59,fourier,0.655470376277669,17.990490609353305,2
0.59,fourier,0.5737242131150599,16.70617017301662,3
0.59,fourier,0.5059444197714501,15.523213129126926,4
0.59,fourier,0.4705699861303191,14.832440894774901,5
0.59,fourier,0.43307605472105903,14.060771705440128,6
0.6,fourier,0.7519797727293978,19.012956383120518,1
0.6,fourier,0.6328661615256087,17.488225526347666,2
0.6,fourier,0.5507298631243953,16.207823199727226,3
0.6,fourier,0.48485821843406085,15.03014045415654,4
0.6,fourier,0.44906234259303834,14.34338129799033,5
0.6,fourier,0.41257134244472704,13.577170597520206,6
0.61,fourier,0.7281345227778228,18.515646546868556,1
0.61,fourier,0.6133522036721467,16.993929577120422,2
0.61,fourier,0.5306693245682305,15.717612357433666,3
0.61,fourier,0.4639914550059365,14.545428427669586,4
0.61,fourier,0.4306253817763512,13.862850139693006,5
0.61,fourier,0.3946058312620158,13.10231994297181,6
0.62,fourier,0.7075357685113969,18.026741843234728,1
0.62,fourier,0.5916667882520277,16.508162948510698,2
0.62,fourier,0.5089964011620671,15.236103417758072,3
0.62,fourier,0.4466211226896043,14.06964945607125,4
0.62,fourier,0.41294172291358866,13.391424001964403,5
0.62,fourier,0.37766825633445883,12.636800701620434,6
0.63,fourier,0.6865156035571142,17.5467111133575,1
0.63,fourier,0.573167512309829,16.031398784164534,2
0.63,fourier,0.492779971447941,14.76377516650924,3
0.63,fourier,0.4293364623722617,13.60328889067391,4
0.63,fourier,0.39629819293967783,12.929592249112119,5
0.63,fourier,0.36248107963722914,12.181106257539886,6
0.64,fourier,0.6638421207703139,17.07594096449383,1
0.64,fourier,0.5524678437884388,15.564028083421952,2
0.64,fourier,0.4738843829127488,14.301024290479882,3
0.64,fourier,0.4110846578343532,13.146749885348049,4
0.64,fourier,0.3782767848558102,12.477761856099843,5
0.64,fourier,0.34430842040020043,11.735647202413967,6
0.65,fourier,0.6399756821558559,16.614741263088472,1
0.65,fourier,0.5297116274815147,15.106365191032854,2
0.65,fourier,0.4531494927947246,13.848170853828584,3
0.65,fourier,0.3920016844813525,12.700358841740393,4
0.65,fourier,0.36025771755764896,12.036262823248967,5
0.65,fourier,0.32719058382689525,11.300756704323272,6
0.66,fourier,0.6197527182478718,16.16335100750672,1
0.66,fourier,0.5132278951705276,14.6586536659859,2
0.66,fourier,0.43891768667944486,13.405464152288767,3
0.66,fourier,0.37815094840113206,12.264371230343007,4
0.66,fourier,0.34660092114290253,11.605353965647696,5
0.66,fourier,0.31494607532098134,10.876696250792508,6
0.67,fourier,0.6040290198104519,15.721944396459653,1
0.67,fourier,0.4976884126080328,14.221072345447046,2
0.67,fourier,0.4239425244595088,12.973088761165084,3
0.67,fourier,0.3629275121093398,11.838977603439057,4
0.67,fourier,0.3312121645041728,11.185228893480865,5
0.67,fourier,0.29984030305322373,10.463661582761274,6
0.68,fourier,0.5856377775263906,15.290636938079372,1
0.68,fourier,0.4796642191249956,13.793741448728133,2
0.68,fourier,0.40616480223584295,12.551170622007266,3
0.68,fourier,0.3472103423744475,11.424309644913851,4
0.68,fourier,0.3175538514990327,10.77602202848707,5
0.68,fourier,0.285917970975653,10.061788665186333,6
0.6900000000000001,fourier,0.5681254654660653,14.869491472761357,1
0.6900000000000001,fourier,0.4634215594470848,13.376728594371064,2
0.6900000000000001,fourier,0.3911462243266827,12.13978304102733,3
0.6900000000000001,fourier,0.33315103029629806,11.02044613012309,4
0.6900000000000001,fourier,0.3032791943673087,10.3778145299902,5
0.6900000000000001,fourier,0.27302660123980516,9.671159568266336,6
0.7000000000000001,fourier,0.5510675020288954,14.458524009525144,1
0.7000000000000001,fourier,0.44760034062689025,12.970054630063341,2
0.7000000000000001,fourier,0.3744301941024788,11.738952498965622,3
0.7000000000000001,fourier,0.3187496287393163,10.62741869568533,4
0.7000000000000001,fourier,0.2901044396883638,9.990640030659511,5
0.7000000000000001,fourier,0.26122155771779426,9.291808160031838,6
0.71,fourier,0.5367973172351417,14.057709299805278,1
0.71,fourier,0.4342193514175982,12.573699199267821,2
0.71,fourier,0.36236648500160756,11.348664196289898,3
0.71,fourier,0.307757148174356,10.245217343280123,4
0.71,fourier,0.2794075501735716,9.6144901064018,5
0.71,fourier,0.24912606881508637,8.923725535323356,6
0.72,fourier,0.5178307309009502,13.666986093763535,1
0.72,fourier,0.41623731184843005,12.187605989625009,2
0.72,fourier,0.3472309319971079,10.968867278800507,3
0.72,fourier,0.29278668681387365,9.873795622757417,4
0.72,fourier,0.2648496039434263,9.249319426043986,5
0.72,fourier,0.2367573808054102,8.566865127465288,6
0.73,fourier,0.5013970534640554,13.28626204287935,1
0.73,fourier,0.40176221371897264,11.811687626858228,2
0.73,fourier,0.33383961629862696,10.599479707399924,3
0.73,fourier,0.2805148493266671,9.513075458589153,4
0.73,fourier,0.2530860333761283,8.895050545220313,5
0.73,fourier,0.22608798585904036,8.221147467712246,6
0.74,fourier,0.4901754436782393,12.915418227644208,1
0.74,fourier,0.3872553375667323,11.445830192982067,2
0.74,fourier,0.32095589705557215,10.240392750872186,3
0.74,fourier,0.26880711868016904,9.162951598815619,4
0.74,fourier,0.2425273772516291,8.551578324025673,5
0.74,fourier,0.21597954074543435,7.886464572699675,6
0.75,fourier,0.47050737021101613,12.554313302081555,1
0.75,fourier,0.37226395740899304,11.089897360512074,2
0.75,fourier,0.3090473820772954,9.891475093431502,3
0.75,fourier,0.2582583471927574,8.82329567859552,4
0.75,fourier,0.23172816400622354,8.218773960973198,5
0.75,fourier,0.20534701157577342,7.5626839530990955,6
0.76,fourier,0.4585504745031959,12.202787256542136,1
0.76,fourier,0.3615701757192626,10.743734144107595,2
0.76,fourier,0.29600415948176595,9.552576558551586,3
0.76,fourier,0.24622046351106053,8.493959900253031,4
0.76,fourier,0.22112265562368613,7.896488645596826,5
0.76,fourier,0.19546688326033457,7.24965224645837,6
0.77,fourier,0.44271163917182954,11.86066480824337,1
0.77,fourier,0.3489450112896823,10.407170279100752,2
0.77,fourier,0.28577898980270167,9.223531458627859,3
0.77,fourier,0.23687463381826523,8.174780339793465,4
0.77,fourier,0.2118517314691103,7.584556840126494,5
0.77,fourier,0.18751116622109507,6.9471984852606585,6
0.78,fourier,0.4299843767968116,11.527758434555567,1
0.78,fourier,0.3365562859697104,10.08002324190482,2
0.78,fourier,0.2757409728835255,8.904161585586222,3
0.78,fourier,0.22736776442266274,7.865579895451642,4
0.78,fourier,0.20279343551074008,7.282799206257165,5
0.78,fourier,0.1783501321845285,6.655137016776174,6
0.79,fourier,0.41689063600341186,11.20387106812681,1
0.79,fourier,0.3266652709391003,9.76210093138825,2
0.79,fourier,0.2648065913006091,8.594278861664344,3
0.79,fourier,0.2197596433677007,7.566170897977637,4
0.79,fourier,0.19521513203312915,6.991025197170055,5
0.79,fourier,0.17052877750226111,6.373270095353,6
0.8,fourier,0.40436495480779955,10.888798475775248,1
0.8,fourier,0.3142152709265642,9.453204033144473,2
0.8,fourier,0.25473555624983546,8.293687672459706,3
0.8,fourier,0.2086386162335327,7.276357405254986,4
0.8,fourier,0.18565189349312206,6.709035337838752,5
0.8,fourier,0.1618743800104117,6.10139017058459,6
0.81,fourier,0.39153538785386244,10.58233134429402,1
0.81,fourier,0.3032238529246141,9.153128089810279,2
0.81,fourier,0.24483163066131186,8.002186905581276,3
0.81,fourier,0.19984600888758805,6.995937205109672,4
0.81,fourier,0.17725963503187245,6.436623217891287,5
0.81,fourier,0.15476822148879416,5.839281895936187,6
0.8200000000000001,fourier,0.3805087522622184,10.284257097299246,1
0.8200000000000001,fourier,0.29272688884429454,8.861665301577952,2
0.8200000000000001,fourier,0.23538910584160153,7.719571719257364,3
0.8200000000000001,fourier,0.19126777396524874,6.724703551190255,4
0.8200000000000001,fourier,0.16900251676900238,6.1735772222886185,5
0.8200000000000001,fourier,0.14696948236745808,5.5867238832923976,6
0.8300000000000001,fourier,0.3698904496914861,9.994361466886662,1
0.8300000000000001,fourier,0.2828850611146981,8.5786060806903,2
0.8300000000000001,fourier,0.22559880331371493,7.445635064917666,3
0.8300000000000001,fourier,0.18303073457151642,6.462446656472774,4
0.8300000000000001,fourier,0.16224154581398487,5.919682024709671,5
0.8300000000000001,fourier,0.14010816934246012,5.3434902283982275,6
0.84,fourier,0.35725219753728776,9.712429843506138,1
0.84,fourier,0.27442537243325366,8.30374038335782,2
0.84,fourier,0.2185172821220468,7.180168987437897,3
0.84,fourier,0.17473141503140782,6.208954968605067,4
0.84,fourier,0.1535833971579171,5.6747198681383955,5
0.84,fourier,0.13248795075749026,5.109351831645534,6
0.85,fourier,0.34590400236759017,9.438248426284268,1
0.85,fourier,0.263418692490406,8.036858841370977,2
0.85,fourier,0.2095284084323309,6.922965725589947,3
0.85,fourier,0.16834181657262626,5.964016250146998,4
0.85,fourier,0.14715467210869004,5.438471655932274,5
0.85,fourier,0.12706148273526927,4.884077537305186,6
0.86,fourier,0.33691643543498884,9.171605195083705,1
0.86,fourier,0.25413132537540817,7.777753714744159,2
0.86,fourier,0.20008604587292242,6.673818634320636,3
0.86,fourier,0.1598690654079492,5.727418485819088,4
0.86,fourier,0.13995183977274764,5.210717875631057,5
0.86,fourier,0.12026811986767055,4.667435113150909,6
0.87,fourier,0.32825549453822755,8.912290723849264,1
0.87,fourier,0.24767395682103968,7.526219685004594,2
0.87,fourier,0.19378240238173913,6.4325229487758975,3
0.87,fourier,0.154814210686366,5.498950637129717,4
0.87,fourier,0.13520956086216984,4.9912393759505935,5
0.87,fourier,0.11568439343360755,4.459192090469198,6
0.88,fourier,0.31764097961713084,8.660098853678912,1
0.88,fourier,0.23730631056374998,7.282054507633534,2
0.88,fourier,0.18558453491999588,6.198876408893412,3
0.88,fourier,0.1473942756380565,5.278403263613108,4
0.88,fourier,0.12817646922812417,4.779818016179089,5
0.88,fourier,0.10937919190234592,4.259116483092692,6
0.89,fourier,0.30692455679654107,8.414827242213443,1
0.89,fourier,0.22775892217529764,7.045059540337656,2
0.89,fourier,0.177666241445184,5.97267976156708,3
0.89,fourier,0.14113275977099332,5.065569028037088,4
0.89,fourier,0.12239600554032368,4.5762372052374465,5
0.89,fourier,0.10359313865356941,4.066977402015985,6
0.9,fourier,0.29713472125458956,8.176277804783162,1
0.9,fourier,0.22063260523099856,6.815040162681437,2
0.9,fourier,0.17049930979901107,5.753737156245961,3
0.9,fourier,0.13369146021770054,4.860243101730967,4
0.9,fourier,0.11561071420461731,4.380282346361134,5
0.9,fourier,0.09815218731160735,3.882545580733953,6
0.91,fourier,0.28817435692917787,7.944257060970549,1
0.91,fourier,0.21212605587719519,6.591806100845531,2
0.91,fourier,0.16354505187024876,5.541856448067183,3
0.91,fourier,0.12817586461624314,4.662223484350184,4
0.91,fourier,0.11063873812132002,4.19174120144171,5
0.91,fourier,0.09304543647841433,3.7055938244255713,6
0.92,fourier,0.27959112997133645,7.7185763991194145,1
0.92,fourier,0.20433735575190232,6.375171670157529,2
0.92,fourier,0.1573804286049122,5.336849421498055,3
0.92,fourier,0.12246756685354966,4.471311251185531,4
0.92,fourier,0.1052666118818709,4.010404187765723,5
0.92,fourier,0.08884525523793756,3.5358973947272156,6
0.93,fourier,0.27136574857106327,7.499052269856078,1
0.93,fourier,0.19866720222068204,6.164955946587881,2
0.93,fourier,0.15115228310750514,5.1385319460057035,3
0.93,fourier,0.11707311231537333,4.287310739581635,4
0.93,fourier,0.10071449109286239,3.8360646182603704,5
0.93,fourier,0.085022372106977,3.3732343401414195,6
0.9400000000000001,fourier,0.26377502347434456,7.285506318566613,1
0.9400000000000001,fourier,0.19205850878424996,5.960982877294548,2
0.9400000000000001,fourier,0.1451818055138808,4.946724074145903,3
0.9400000000000001,fourier,0.11164260534511476,4.110029684804898,4
0.9400000000000001,fourier,0.09600184046519507,3.668518895055681,5
0.9400000000000001,fourier,0.08049182094956428,3.217385780791563,6
0.9500000000000001,fourier,0.2539079431945187,7.077765465684323,1
0.9500000000000001,fourier,0.18353998048857695,5.763081339217369,2
0.9500000000000001,fourier,0.13850572967467722,4.7612500913651274,3
0.9500000000000001,fourier,0.10661764693816395,3.9392793145085507,4
0.9500000000000001,fourier,0.09144215391160208,3.507566664903851,5
0.9500000000000001,fourier,0.07639289350812825,3.0681361549351718,6
0.96,fourier,0.2461969409402291,6.875661942482037,1
0.96,fourier,0.177368159501084,5.571085153575315,2
0.96,fourier,0.13351626211008022,4.581938525635546,3
0.96,fourier,0.10234848209125313,3.774874409666274,4
0.96,fourier,0.08733681957775018,3.3530109436653794,5
0.96,fourier,0.07305020207853626,2.9252734333233397,6
0.97,fourier,0.23866771459892866,6.679033289169568,1
0.97,fourier,0.17120459318119804,5.384833063233782,2
0.97,fourier,0.12788992126350338,4.408622124128583,3
0.97,fourier,0.097368247146308,3.6166333388329437,4
0.97,fourier,0.08255180289756141,3.2046582160028834,5
0.97,fourier,0.0690799724384571,2.7885893064383844,6
0.98,fourier,0.23131606724802428,6.487722321510165,1
0.98,fourier,0.16409936176117274,5.204168679327793,2
0.98,fourier,0.12307451129038446,4.241137803515706,3
0.98,fourier,0.09366937241504515,3.4643780718723747,4
0.98,fourier,0.07918434401074188,3.062318515670549,5
0.98,fourier,0.0654263734475398,2.657879348928902,6
0.99,fourier,0.2230904874023091,6.301577071025854,1
0.99,fourier,0.1587442726596703,5.02894040239142,2
0.99,fourier,0.11783582327201766,4.079326579308341,3
0.99,fourier,0.08912955265315568,3.317934178029135,4
0.99,fourier,0.07522323203017597,2.925805490498222,5
0.99,fourier,0.06206564736539192,2.5329431643343314,6
1.0,fourier,0.21713929277337266,6.120450703375485,1
1.0,fourier,0.15288250967644748,4.859001322760301,2
1.0,fourier,0.11334437285621744,3.9230334791220294,3
1.0,fourier,0.08551543289220931,3.1771308125965962,4
1.0,fourier,0.07173638554521226,2.794936455530848,5
1.0,fourier,0.05897404608874927,2.4135845126118665,6
1.01,fourier,0.21033797012764255,5.94420141908963,1
1.01,fourier,0.14717773380228236,4.694209104616693,2
1.01,fourier,0.10795496168671344,3.7721074443005547,3
1.01,fourier,0.08110317546628137,3.041800695912134,4
1.01,fourier,0.06841023668607416,2.6695324372674323,5
1.01,fourier,0.05617491150506874,2.299611422554455,6
1.02,fourier,0.20540392121686718,5.77269233984629,1
1.02,fourier,0.14249598119568402,4.534425857047622,2
1.02,fourier,0.10412509550015066,3.6264012232867118,3
1.02,fourier,0.0773033544630545,2.911780087288073,4
1.02,fourier,0.06475552798118253,2.5494182108293897,5
1.02,fourier,0.05314053212339369,2.190836290161854,6
1.03,fourier,0.1966580537607717,5.605791383388122,1
1.03,fourier,0.13696137658349086,4.379517995400918,2
1.03,fourier,0.09959821211007056,3.4857712599787756,3
1.03,fourier,0.07365719970564528,2.7869087562765116,4
1.03,fourier,0.061475317032985914,2.434422331712654,5
1.03,fourier,0.05041501384311183,2.0870759639464613,6
1.04,fourier,0.19298994408134826,5.443371129741482,1
1.04,fourier,0.1320183163723342,4.229356095778908,2
1.04,fourier,0.09517904906247751,3.350077579817768,3
1.04,fourier,0.07020930505495948,2.6670299531310047,4
1.04,fourier,0.0585644633190583,2.324377163263326,5
1.04,fourier,0.04788062499646658,1.9881518177417017,6
1.05,fourier,0.18488085848388458,5.285308680785824,1
1.05,fourier,0.12665535624844948,4.083814744892153,2
1.05,fourier,0.09086649217992947,3.219183675660662,3
1.05,fourier,0.06662838147092133,2.551990379595043,4
1.05,fourier,0.055485316209997144,2.219118900347341,5
1.05,fourier,0.04495375962798233,1.8938898110119518,6
1.06,fourier,0.18054722273326346,5.131485515140027,1
1.06,fourier,0.12324088805498895,3.94277238740286,2
1.06,fourier,0.08782622468260862,3.092956395353455,3
1.06,fourier,0.06353671901445704,2.441640160991448,4
1.06,fourier,0.05235569931458225,2.1184875895618083,5
1.06,fourier,0.04266301478351791,1.8041205366331021,6
1.07,fourier,0.17496334621531257,4.981787339898123,1
1.07,fourier,0.11856766954812979,3.8061111724430945,2
1.07,fourier,0.08424077511041066,2.9712658324070658,3
1.07,fourier,0.06064023843352225,2.335832820057341,4
1.07,fourier,0.050224299304148,2.0223271458792715,5
1.07,fourier,0.04033293128223908,1.7186792557519694,6
1.08,fourier,0.16930438567453376,4.836103940797483,1
1.08,fourier,0.11328903054532377,3.673716801027457,2
1.08,fourier,0.07961239933234014,2.8539852211582466,3
1.08,fourier,0.05771423576456441,2.2344252529652024,4
1.08,fourier,0.0476597584468499,1.9304853656604113,5
1.08,fourier,0.03859730488074407,1.63740591945938,6
1.09,fourier,0.16257837081758603,4.69432903159115,1
1.09,fourier,0.10914167925382344,3.5454783752522507,2
1.09,fourier,0.07720736395584372,2.740990836913028,3
1.09,fourier,0.05497423682562647,2.1372777070824025,4
1.09,fourier,0.045186270497144056,1.8428139351550248,5
1.09,fourier,0.03637131957183773,1.5601451762778493,6
1.1,fourier,0.1581994169587328,4.556360104063157,1
1.1,fourier,0.1053794389196474,3.421288250819878,2
1.1,fourier,0.07345126996285141,2.6321619021668123,3
1.1,fourier,0.052788655169927264,2.0442537606662574,4
1.1,fourier,0.04354351848268576,1.759168434315628,5
1.1,fourier,0.03485186104288743,1.4867463652488162,6
1.11,fourier,0.15268751102419864,4.422098279055715,1
1.11,fourier,0.1003689155473658,3.3010418933359125,2
1.11,fourier,0.0698720997795341,2.527380498856075,3
1.11,fourier,0.0499782215859517,1.9552203035681337,4
1.11,fourier,0.04115565633355134,1.679408334684112,5
1.11,fourier,0.03272430552448302,1.4170634934050024,6
1.12,fourier,0.14730537338632102,4.29144815959158,1
1.12,fourier,0.09613347010922911,3.1846377395137155,2
1.12,fourier,0.06668398431498004,2.4265314872383343,3
1.12,fourier,0.04767166623419646,1.8700475187223504,4
1.12,fourier,0.038891405874475315,1.6033969908902435,5
1.12,fourier,0.030968483996588293,1.3509551972826104,6
1.1300000000000001,fourier,0.14383997263807735,4.16431768633263,1
1.1300000000000001,fourier,0.09342933370451159,3.071977063555931,2
1.1300000000000001,fourier,0.06399098232398029,2.3295024311000403,3
1.1300000000000001,fourier,0.04549038917760081,1.788608863343333,4
1.1300000000000001,fourier,0.03694102232224714,1.5310016244918472,5
1.1300000000000001,fourier,0.029444722763655166,1.288284687378952,6
1.1400000000000001,fourier,0.13898307420372158,4.040617996048479,1
1.1400000000000001,fourier,0.08958220003956184,2.9629638493848844,2
1.1400000000000001,fourier,0.06123782531642193,2.2361835293584402,3
1.1400000000000001,fourier,0.04309669750288174,1.7107810491838067,4
1.1400000000000001,fourier,0.035315731342491996,1.4620932994005924,5
1.1400000000000001,fourier,0.027970900570621484,1.2289196750902673,6
1.1500000000000001,fourier,0.13527496425805682,3.92026328339998,1
1.1500000000000001,fourier,0.08613656239238601,2.8575046689912402,2
1.1500000000000001,fourier,0.058885301731891077,2.1464675536992064,3
1.1500000000000001,fourier,0.04114083179452287,1.6364440208420874,4
1.1500000000000001,fourier,0.033247829246516376,1.3965468878176128,5
1.1500000000000001,fourier,0.02652903588801636,1.1727322814454995,6
1.16,fourier,0.13010677095864057,3.8031706663786276,1
1.16,fourier,0.08349040000979155,2.75550856718425,2
1.16,fourier,0.05669551335165214,2.060249791890173,3
1.16,fourier,0.039337096780584904,1.5654809311861586,4
1.16,fourier,0.031853974636061294,1.334241025768292,5
1.16,fourier,0.025000686449614395,1.1195989272603581,6
1.17,fourier,0.1251151920288989,3.6892600555936013,1
1.17,fourier,0.07940274096688649,2.656886952834028,2
1.17,fourier,0.054063481861748086,1.9774279962001526,3
1.17,fourier,0.03737559936462246,1.497778112813884,4
1.17,fourier,0.03004159233342872,1.2750580572479995,5
1.17,fourier,0.023543079977247465,1.0694002044393107,6
1.18,fourier,0.12211785815751071,3.578454027652625,1
1.18,fourier,0.07720360332910037,2.5615534967269595,2
1.18,fourier,0.05143459110816603,1.8979023363901342,3
1.18,fourier,0.035174305627621506,1.4332250445992032,4
1.18,fourier,0.02847943704319839,1.2188839662104225,5
1.18,fourier,0.02234880518709677,1.0220207285907197,6
1.19,fourier,0.11727583852034432,3.4706777027946236,1
1.19,fourier,0.07370842587367572,2.469424036030135,2
1.19,fourier,0.049132984141925094,1.82157535661225,3
1.19,fourier,0.03385662774074692,1.3717143123216222,4
1.19,fourier,0.027069599924203474,1.165608295690299,5
1.19,fourier,0.021197193004264984,0.9773489734444946,6
1.2,fourier,0.11439935506155342,3.3658586267706787,1
1.2,fourier,0.07070144090094987,2.380416485167248,2
1.2,fourier,0.046899161355040776,1.7483519353735713,3
1.2,fourier,0.03215549190233178,1.3131415623046585,4
1.2,fourier,0.025732576229415563,1.1151240534043698,5
1.2,fourier,0.020068622615600946,0.9352770879383244,6
1.21,fourier,0.1095924363201605,3.263926657264462,1
1.21,fourier,0.06788140276016676,2.2944507531715463,2
1.21,fourier,0.04519031750488815,1.6781392480035233,3
1.21,fourier,0.03044451382650572,1.2574054473780767,4
1.21,fourier,0.024370870357763964,1.0673276037274666,5
1.21,fourier,0.019052192019313262,0.8957006977537978,6
1.22,fourier,0.105999729761461,3.1648138546919973,1
1.22,fourier,0.06521503747779876,2.2114486670976885,2
1.22,fourier,0.04318400552973986,1.6108467305969247,3
1.22,fourier,0.028958039997665174,1.2044075641277874,4
1.22,fourier,0.023126035334442217,1.0221185457584987,5
1.22,fourier,0.01803555312275602,0.8585186932853262,6
1.23,fourier,0.10345372429320313,3.0684543774379125,1
1.23,fourier,0.0626730147098287,2.131333901266213,2
1.23,fourier,0.04092355662603407,1.5463860446390076,3
1.23,fourier,0.027679590828864443,1.1540523808005079,4
1.23,fourier,0.021993402812629268,0.979399577840201,5
1.23,fourier,0.017021586003065973,0.8236330070997033,6
1.24,fourier,0.09914274048198296,2.9747843817032185,1
1.24,fourier,0.060295451715706994,2.054031912199211,2
1.24,fourier,0.03912405003029297,1.4846710416311244,3
1.24,fourier,0.026361911063675348,1.106247155482399,4
1.24,fourier,0.020826535197853286,0.9390763493729353,5
1.24,fourier,0.016102305055583743,0.7909483848043907,6
1.25,fourier,0.09657021846298537,2.8837419257110546,1
1.25,fourier,0.05832681426440999,1.9794698786566243,2
1.25,fourier,0.03737679790070526,1.4256177266429881,3
1.25,fourier,0.02479366542166743,1.0609018440037168,4
1.25,fourier,0.01974130332359755,0.9010573008889995,5
1.25,fourier,0.015212927057698996,0.7603721536791307,6
1.26,fourier,0.09267700526618355,2.795266878328,1
1.26,fourier,0.05534743073832697,1.9075766464682298,2
1.26,fourier,0.03593034613481976,1.3691442200526767,3
1.26,fourier,0.023854467192993778,1.0179289975720047,4
1.26,fourier,0.01876646738026463,0.8652534941962046,5
1.26,fourier,0.014364171465675167,0.7318139945211215,6
1.27,fourier,0.08978594761917716,2.7093008321790215,1
1.27,fourier,0.05360869680951787,1.8382826778577928,2
1.27,fourier,0.0343134463141014,1.3151707168063052,3
1.27,fourier,0.02269746794505143,0.9772436504716595,4
1.27,fourier,0.01789033759838299,0.8315784350215373,5
1.27,fourier,0.013666156128261251,0.7051857227498052,6
1.28,fourier,0.08741193769826168,2.625787020936517,1
1.28,fourier,0.051066835093858516,1.7715200045438348,2
1.28,fourier,0.0325943938745972,1.2636194421967435,3
1.28,fourier,0.02145293932477605,0.9387631981445763,4
1.28,fourier,0.016814115142457696,0.7999478908502158,5
1.28,fourier,0.012989779267306932,0.6804010849615564,6
1.29,fourier,0.0839219153133969,2.544670240934015,1
1.29,fourier,0.04902172209432412,1.7072221843548347,2
1.29,fourier,0.030969740204094615,1.2144146037009063,3
1.29,fourier,0.020389370042453475,0.9024072668217032,4
1.29,fourier,0.016102536095868713,0.7702797077093424,5
1.29,fourier,0.01228942651060193,0.6573755776262104,6
1.3,fourier,0.08088537722101688,2.4658967768778552,1
1.3,fourier,0.04711672318995809,1.6453242607148861,2
1.3,fourier,0.02990475329410549,1.16748233814862,3
1.3,fourier,0.019345728426394843,0.8680975759733953,4
1.3,fourier,0.01516910918263914,0.742493629895949,5
1.3,fourier,0.011611833878727785,0.636026294123078,6
1.31,fourier,0.07872843519754687,2.389414331642677,1
1.31,fourier,0.045188749999424446,1.5857627245643267,2
1.31,fourier,0.028314088720084188,1.1227506538158054,3
1.31,fourier,0.018493622864668408,0.8357577955099068,4
1.31,fourier,0.014430769799134522,0.716511127285824,5
1.31,fourier,0.010952085509249134,0.6162718058063443,6
1.32,fourier,0.07535964973375821,2.315171959913616,1
1.32,fourier,0.04343771615653231,1.5284754780534968,2
1.32,fourier,0.027025364319937108,1.0801493669700417,3
1.32,fourier,0.0175902142778762,0.8053133999614612,4
1.32,fourier,0.013646863504709315,0.6922552350231133,5
1.32,fourier,0.01035026721104855,0.5980320815591964,6
1.33,fourier,0.07338591140999125,2.2431200057440965,1
1.33,fourier,0.04201654117334485,1.4734017996648492,2
1.33,fourier,0.02578704507804129,1.0396100328572162,3
1.33,fourier,0.01655261558954906,0.7766915226139455,4
1.33,fourier,0.012940660184410115,0.6696504107350421,5
1.33,fourier,0.00977792743151267,0.5812284490345652,6
1.34,fourier,0.07113684801474932,2.1732100436381683,1
1.34,fourier,0.03991264113804917,1.4204823099771553,2
1.34,fourier,0.02470828077803544,1.0010658708917624,3
1.34,fourier,0.015750043967895158,0.7498208126136887,4
1.34,fourier,0.012199914703785692,0.6486224139100707,5
1.34,fourier,0.009249747441933336,0.5657835985966587,6
1.35,fourier,0.06766128261249163,2.1053948233596795,1
1.35,fourier,0.037967748667311195,1.3696589378753752,2
1.35,fourier,0.023459735473200016,0.9644516845619312,3
1.35,fourier,0.01502454486093075,0.7246312988895807,4
1.35,fourier,0.011576129125520624,0.6290982120502161,5
1.35,fourier,0.008751621994731186,0.5516216293036286,6
1.36,fourier,0.06697570350813377,2.039628217837631,1
1.36,fourier,0.03670819283193196,1.3208748862460087,2
1.36,fourier,0.02238094894057358,0.9297037760945919,3
1.36,fourier,0.014357215833907016,0.701054264302259,4
1.36,fourier,0.011098553024169608,0.6110059168504387,5
1.36,fourier,0.008338810875725982,0.538668133613667,6
1.37,fourier,0.06365942708915377,1.9758651745652736,1
1.37,fourier,0.03497704059564228,1.274074597210903,2
1.37,fourier,0.02140662404746604,0.8967598570914693,3
1.37,fourier,0.0136302720590782,0.6790221343382505,4
1.37,fourier,0.010482481759325821,0.5942747533317092,5
1.37,fourier,0.007864274464147305,0.5268503161142021,6
1.3800000000000001,fourier,0.061803153747499194,1.9140616697796486,1
1.3800000000000001,fourier,0.03377414605376793,1.2292037159370528,2
1.3800000000000001,fourier,0.020225072528296154,0.8655589556638286,3
1.3800000000000001,fourier,0.012847182578027411,0.6584683836150256,4
1.3800000000000001,fourier,0.00990976409557046,0.5788350626881865,5
1.3800000000000001,fourier,0.007428321779945504,0.5160971391015065,6
1.3900000000000001,fourier,0.05966169098648426,1.8541746656238092,1
1.3900000000000001,fourier,0.032188076346285996,1.1862090529891203,2
1.3900000000000001,fourier,0.019436886622307158,0.836041321701522,3
1.3900000000000001,fourier,0.012374850592725561,0.6393274638810462,4
1.3900000000000001,fourier,0.009467444777276113,0.5646183387996117,5
1.3900000000000001,fourier,0.007094562989593777,0.5063394871328717,6
1.4000000000000001,fourier,0.05731017327166904,1.796162069910466,1
1.4000000000000001,fourier,0.031175060810975246,1.1450385447126175,2
1.4000000000000001,fourier,0.01876441606957246,0.8081483316999284,3
1.4000000000000001,fourier,0.011682327032364192,0.6215347561535867,4
1.4000000000000001,fourier,0.009011137385469834,0.5515572963476095,5
1.4000000000000001,fourier,0.006695233490403625,0.49751034155509644,6
1.41,fourier,0.05526765244487516,1.739982698348075,1
1.41,fourier,0.029797989667393658,1.1056412114172762,2
1.41,fourier,0.017706840654916112,0.7818223950252086,3
1.41,fourier,0.01113494010459366,0.6050265489752193,4
1.41,fourier,0.008492053388785385,0.5395859670572657,5
1.41,fourier,0.006280265373191384,0.48954495593307007,6
1.42,fourier,0.05339219948198924,1.6855962389450037,1
1.42,fourier,0.02844990442938854,1.067967113122839,2
1.42,fourier,0.01678791158194423,0.7570068636531314,3
1.42,fourier,0.01044335827298982,0.5897400437713374,4
1.42,fourier,0.008072784760343362,0.5286398192087526,5
1.42,fourier,0.005985284064693161,0.48238102374486014,6
1.43,fourier,0.05097639817211344,1.6329632185657794,1
1.43,fourier,0.027023934311428036,1.0319673029420613,2
1.43,fourier,0.01617414262723452,0.733645947766651,3
1.43,fourier,0.009994435606650644,0.5756133872452617,4
1.43,fourier,0.007621076089344501,0.5186558945152634,5
1.43,fourier,0.00567538965976981,0.47595883065759137,6
1.44,fourier,0.04980404840495307,1.5820449711205944,1
1.44,fourier,0.026160981439888643,0.9975937778565229,2
1.44,fourier,0.015392149283228336,0.7116846393186763,3
1.44,fourier,0.009510946853504076,0.5625857293063296,4
1.44,fourier,0.007229235286405202,0.5095729555613939,5
1.44,fourier,0.005333664378154606,0.47022138490455123,6
1.45,fourier,0.04787939707116724,1.5328036074505837,1
1.45,fourier,0.025150848567851783,0.9647994272869554,2
1.45,fourier,0.014606169910924364,0.6910686460990498,3
1.45,fourier,0.008988610384826849,0.5505973041696864,4
1.45,fourier,0.006869006657742809,0.501331636906344,5
1.45,fourier,0.005044640962353105,0.46511452103645307,6
1.46,fourier,0.0458165563270287,1.4852019865865933,1
1.46,fourier,0.024214062491858115,0.9335379796733573,2
1.46,fourier,0.01405893499468774,0.6717443384762837,3
1.46,fourier,0.008627542250275812,0.539589531033507,4
1.46,fourier,0.006487870582581957,0.49387459297621256,5
1.46,fourier,0.004762570682862778,0.46058697395348636,6
1.47,fourier,0.044449738037923896,1.4392036879386025,1
1.47,fourier,0.02295266022305581,0.9037639472746304,2
1.47,fourier,0.013443525712003237,0.6536587105658751,3
1.47,fourier,0.008251645867486546,0.5295051296811999,4
1.47,fourier,0.006198595412853723,0.48714663620987997,5
1.47,fourier,0.004529780056377664,0.4565904216233373,6
1.48,fourier,0.04288800433719591,1.394772984634344,1
1.48,fourier,0.022109328528015372,0.8754325701941815,2
1.48,fourier,0.012731329486403785,0.6367593578091916,3
1.48,fourier,0.007681878423602507,0.5202882462460993,4
1.48,fourier,0.005814743819486729,0.48109486020893055,5
1.48,fourier,0.004267127453340623,0.4530794967964032,6
1.49,fourier,0.04167529691580239,1.351874817406987,1
1.49,fourier,0.021166725218804517,0.8484997600026848,2
1.49,fourier,0.012173332632706856,0.6209944717614605,3
1.49,fourier,0.0074130168071691515,0.5118845834626906,4
1.49,fourier,0.005540155078440954,0.4756687432524779,5
1.49,fourier,0.004045172062482484,0.45001176891328204,6
1.5,fourier,0.008737953954161007,0.5398917119634595,1
1.5,fourier,0.003287854849770649,0.4397210277409177,2
1.5,fourier,0.0019193944164356592,0.4233383767230874,3
1.5,fourier,0.001203395263025055,0.4170259842681976,4
1.5,fourier,0.0008268274928017431,0.41454088686579277,5
1.5,fourier,0.0005950271832945302,0.41331478603527916,6
1.51,fourier,0.008204115714630448,0.5304258746391338,1
1.51,fourier,0.003111511671156214,0.43812084412420166,2
1.51,fourier,0.0018206797862552078,0.42332445555306425,3
1.51,fourier,0.0011349734583774806,0.4176675410090643,4
1.51,fourier,0.0007783004894948082,0.41545100782366007,5
1.51,fourier,0.0005599319728053455,0.41436048921878305,6
1.52,fourier,0.007885031025276448,0.5217600449625664,1
1.52,fourier,0.0029511458585328902,0.43679414722334764,2
1.52,fourier,0.0017227953874899605,0.4234357990774389,3
1.52,fourier,0.0010683992239480522,0.4183665364643054,4
1.52,fourier,0.0007288327957633,0.4163891565032346,5
1.52,fourier,0.000522007222173607,0.41541885216027097,6
1.53,fourier,0.0074841307062280165,0.5138448574998509,1
1.53,fourier,0.002778395811330028,0.43571383388383805,2
1.53,fourier,0.001626917453867579,0.4236579137071967,3
1.53,fourier,0.0010109455647363272,0.4191152779528802,4
1.53,fourier,0.0006896258528251443,0.4173508379061493,5
1.53,fourier,0.0004934711688003742,0.4164871302347551,6
1.54,fourier,0.007161731371099968,0.5066324940864675,1
1.54,fourier,0.00263669104785907,0.4348551457249435,2
1.54,fourier,0.0015132698018943144,0.42397782116486826,3
1.54,fourier,0.0009452364885819514,0.4199069592887298,4
1.54,fourier,0.0006405228150353113,0.41833210664186093,5
1.54,fourier,0.0004567147728389053,0.4175629314611851,6
1.55,fourier,0.0067836256790258275,0.5000767900245949,1
1.55,fourier,0.0024954877958480596,0.4341955176643652,2
1.55,fourier,0.0014348185795835572,0.4243839140108047,3
1.55,fourier,0.0008866084504364131,0.4207355629820496,4
1.55,fourier,0.0006041362214698701,0.4193295019632722,5
1.55,fourier,0.00042651217566153554,0.4186441729221404,6
1.56,fourier,0.006442963281074883,0.4941333295039027,1
1.56,fourier,0.002353151530720512,0.4337144263929461,2
1.56,fourier,0.0013564464322375603,0.4248658220938783,3
1.56,fourier,0.0008375460025202295,0.4215957724289497,4
1.56,fourier,0.0005618088299402683,0.42033999020338325,5
1.56,fourier,0.00039915719489397317,0.4197290424565556,6
1.57,fourier,0.00615353697491614,0.4887595274312258,1
1.57,fourier,0.0022308917377857856,0.4333932410994711,2
1.57,fourier,0.0012827717002581878,0.4254142897486212,3
1.57,fourier,0.0007837915511623041,0.4224828932695602,4
1.57,fourier,0.000528525284693282,0.4213609138488058,5
1.57,fourier,0.0003741338439268216,0.42081596502420876,6
1.58,fourier,0.0058068718830768295,0.4839146956861217,1
1.58,fourier,0.0021192181468777742,0.4332150783237883,2
1.58,fourier,0.0012044957917260097,0.4260210634133014,3
1.58,fourier,0.000740355379679689,0.423392783115535,4
1.58,fourier,0.0004996363905357639,0.4223899465411087,5
1.58,fourier,0.0003509551970946868,0.4219035731955923,6
1.59,fourier,0.005561392490951368,0.47956009220987006,1
1.59,fourier,0.0019978307737660594,0.43316466224551775,2
1.59,fourier,0.0011388098384889046,0.42667878912739526,3
1.59,fourier,0.0006924774394417287,0.4243217888361743,4
1.59,fourier,0.00046923975368531304,0.42342505333505803,5
1.59,fourier,0.00032996394621946526,0.42299068126283745,6
1.6,fourier,0.00531312272994194,0.47565895238635997,1
1.6,fourier,0.0018904019198375324,0.4332281914731452,2
1.6,fourier,0.0010598657146193519,0.42738091938204814,3
1.6,fourier,0.0006483382062910041,0.42526669068870854,4
1.6,fourier,0.0004342993619307472,0.4244644556384343,5
1.6,fourier,0.00030963453291479344,0.42407626254418346,6
1.61,fourier,0.005041873898970009,0.4721765026792877,1
1.61,fourier,0.0017924642329761522,0.43339321300269895,2
1.61,fourier,0.0010112165240411298,0.42812162869897963,3
1.61,fourier,0.0006161711996770112,0.4262246525998894,4
1.61,fourier,0.00040896372128883815,0.4255066002910312,5
1.61,fourier,0.00028703597910028034,0.4251594294872426,6
1.62,fourier,0.004812563896445717,0.46907995726411944,1
1.62,fourier,0.001691012485424577,0.43364850382587156,2
1.62,fourier,0.0009523271693544581,0.42889573734730685,3
1.62,fourier,0.0005765813160153411,0.42719317798586254,4
1.62,fourier,0.000385364324766857,0.426550132325304,5
1.62,fourier,0.0002689144878827642,0.4262394162419637,6
1.6300000000000001,fourier,0.004602800903718168,0.4663384987183768,1
1.6300000000000001,fourier,0.0016013529304008149,0.4339839603697144,2
1.6300000000000001,fourier,0.000895355683401741,0.42969864255834467,3
1.6300000000000001,fourier,0.0005406267709161735,0.42817007053163725,4
1.6300000000000001,fourier,0.0003601010307054626,0.42759387097329776,5
1.6300000000000001,fourier,0.0002530451112711458,0.4273155633948035,6
1.6400000000000001,fourier,0.004333821336897791,0.4639232441209836,1
1.6400000000000001,fourier,0.0015161304256510655,0.4343904957331125,2
1.6400000000000001,fourier,0.0008512051056101567,0.43052625659516913,3
1.6400000000000001,fourier,0.000506284740725779,0.4291533993784111,4
1.6400000000000001,fourier,0.00033698596176671595,0.4286367885356802,5
1.6400000000000001,fourier,0.0002369050120759368,0.42838730459339164,6
1.6500000000000001,fourier,0.004160337191972067,0.46180719857744673,1
1.6500000000000001,fourier,0.0014315007529709755,0.434859944727471,2
1.6500000000000001,fourier,0.000797816155755891,0.4313749511571264,3
1.6500000000000001,fourier,0.0004788611264349944,0.43014146829213334,4
1.6500000000000001,fourier,0.0003171315103814926,0.42967799179960414,5
1.6500000000000001,fourier,0.0002211020282952052,0.4294541548471197,6
1.6600000000000001,fourier,0.003914839494386306,0.4599651977263863,1
1.6600000000000001,fourier,0.0013526753606998756,0.4353849763545177,2
1.6600000000000001,fourier,0.0007541519350552376,0.4322415074749302,3
1.6600000000000001,fourier,0.0004507881755064486,0.43113278832475466,4
1.6600000000000001,fourier,0.00029971367692140777,0.43071670567320636,5
1.6600000000000001,fourier,0.00020861848367495053,0.4305157002693734,6
1.67,fourier,0.0037128519845994927,0.4583738413702469,1
1.67,fourier,0.0012797111711802633,0.43595901351968264,2
1.67,fourier,0.0007119659982889787,0.43312307163218977,3
1.67,fourier,0.0004200548309503887,0.432126053631704,4
1.67,fourier,0.00027888793247684917,0.4317522588069663,5
1.67,fourier,0.00019384937007710804,0.43157158911374355,6
1.68,fourier,0.0035668026281602213,0.45701142003069,1
1.68,fourier,0.0012017020319051001,0.4365761595674268,2
1.68,fourier,0.0006683472769091218,0.43401711458099823,3
1.68,fourier,0.0003969507570887285,0.43312012005885375,4
1.68,fourier,0.0002626087275563568,0.43278407093803045,5
1.68,fourier,0.00018137862604068197,0.4326215239146795,6
1.69,fourier,0.003373878967781345,0.4558578362286957,1
1.69,fourier,0.0011382490671472845,0.4372311312538905,2
1.69,fourier,0.0006276870688610542,0.4349213964065084,3
1.69,fourier,0.00037132074382259945,0.43411398620748376,4
1.69,fourier,0.00024610015139651866,0.4338116417703609,5
1.69,fourier,0.00017077052135962007,0.43366525461875366,6
1.7,fourier,0.003198440604644499,0.4548945221800106,1
1.7,fourier,0.0010869090580682334,0.43791919774756566,2
1.7,fourier,0.0005935850099031411,0.4358339344170832,3
1.7,fourier,0.00034955035466945175,0.435106776689216,4
1.7,fourier,0.0002312452301981909,0.4348345411950062,5
1.7,fourier,0.0001600837736053747,0.4347025725669473,6
1.71,fourier,0.0030978850916368837,0.4541043554062885,1
1.71,fourier,0.0010201035919553622,0.43863612523641315,2
1.71,fourier,0.0005637017422769256,0.43675297467686286,3
1.71,fourier,0.0003339080591722737,0.4360977273284271,4
1.71,fourier,0.0002174279423369609,0.43585240069772785,5
1.71,fourier,0.00015023967217179195,0.43573330523196796,6
1.72,fourier,0.002928566884531265,0.4534715735694376,1
1.72,fourier,0.0009767637254558096,0.4393781267172448,2
1.72,fourier,0.0005310241659108463,0.4376769666217821,3
1.72,fourier,0.00031132165845717315,0.4370861720820392,4
1.72,fourier,0.00020409029388679414,0.4368649058072331,5
1.72,fourier,0.0001401238316234555,0.4367573116123406,6
1.73,fourier,0.0027652845531414127,0.4529816896420346,1
1.73,fourier,0.0009125171453556956,0.44014181655378104,2
1.73,fourier,0.0004982814723725787,0.43860454043697084,3
1.73,fourier,0.0002929457269486881,0.4380715314820578,4
1.73,fourier,0.0001911915138608773,0.43787178945410166,5
1.73,fourier,0.0001304811473311108,0.4377744781985314,6
1.74,fourier,0.002627415006656365,0.45262140840656157,1
1.74,fourier,0.0008683645458476916,0.440924169425834,2
1.74,fourier,0.00047361997408620416,0.43953448691327346,3
1.74,fourier,0.0002754539838913799,0.43905330242829427,4
1.74,fourier,0.00017906397190460576,0.4388728261395135,5
1.74,fourier,0.00012314209467289728,0.43878471544682685,6
1.75,fourier,0.0025083205202331526,0.4523785450575372,1
1.75,fourier,0.000824541834264332,0.4417224832959239,2
1.75,fourier,0.0004438359713254763,0.4404657395207124,3
1.75,fourier,0.0002583630809923327,0.44003104917593866,4
1.75,fourier,0.00016718262891273698,0.4398678268111424,5
1.75,fourier,0.00011495943023262036,0.4397879546922058,6
1.76,fourier,0.002373533569620828,0.45224194646258525,1
1.76,fourier,0.0007813005446606307,0.44253434601975294,2
1.76,fourier,0.00042145642068677324,0.44139735844977424,3
1.76,fourier,0.00024305758396342119,0.4410043953714875,4
1.76,fourier,0.00015828136485826388,0.4408566343584612,5
1.76,fourier,0.00010848563040011805,0.44078414544669164,6
1.77,fourier,0.0022772329711821097,0.4522014155891748,1
1.77,fourier,0.0007410694223530625,0.4433576052875433,2
1.77,fourier,0.00039775876259575587,0.44232851641796145,3
1.77,fourier,0.00023011236201546622,0.44197301702354996,4
1.77,fourier,0.00014876938727241,0.4418391196556169,5
1.77,fourier,0.00010213275368851418,0.441773253034984,6
1.78,fourier,0.002186145175629311,0.45224763945678237,1
1.78,fourier,0.0006994440518861896,0.4441903415938463,2
1.78,fourier,0.0003726222333225923,0.4432584860524669,3
1.78,fourier,0.0002156279212379704,0.4429366362960667,4
1.78,fourier,0.00013920624791649187,0.44281517808407844,5
1.78,fourier,9.492110424882306e-05,0.4427552565249059,6
1.79,fourier,0.0020868035604347294,0.452372120770994,1
1.79,fourier,0.0006623175432213645,0.44503084393302683,2
1.79,fourier,0.00035204852625868516,0.4441866286683697,3
1.79,fourier,0.0002019263607335294,0.44389501602832426,4
1.79,fourier,0.00013038728892607643,0.44378472647902406,5
1.79,fourier,8.876703713542454e-05,0.44373014691859686,6
1.8,fourier,0.0019648798397098382,0.4525671134535681,1
1.8,fourier,0.0006266901009517741,0.4458775879822587,2
1.8,fourier,0.0003330527848338098,0.44511238430018796,3
1.8,fourier,0.00019160857337785443,0.4448479548980936,4
1.8,fourier,0.00012210478048184267,0.44474770044294465,5
1.8,fourier,8.357131417076735e-05,0.4446979255664051,6
1.81,fourier,0.0018780729790903385,0.45282556205792923,1
1.81,fourier,0.0005876504221277571,0.4467292165140306,2
1.81,fourier,0.0003144648904085759,0.44603526284028866,3
1.81,fourier,0.00017907243828011414,0.44579528315078504,4
1.81,fourier,0.00011515396018469032,0.44570405198871443,5
1.81,fourier,7.814822241062885e-05,0.44565860278097247,6
1.82,fourier,0.001782306624764047,0.4531410450514584,1
1.82,fourier,0.0005633293820941459,0.447584521817841,2
1.82,fourier,0.0002950368369700681,0.446954836162626,3
1.82,fourier,0.00016963529076722273,0.44673685882763,4
1.82,fourier,0.00010827381263828545,0.4466537474657458,5
1.82,fourier,7.35148871970526e-05,0.44661219662377605,6
1.83,fourier,0.0017068732528524493,0.45350772197904626,1
1.83,fourier,0.0005309972717337319,0.4484424299555578,2
1.83,fourier,0.00027852861549342673,0.44787073113421416,3
1.83,fourier,0.0001584840037689606,0.44767256444080855,4
1.83,fourier,0.00010151315154779542,0.4475967657402772,5
1.83,fourier,6.864397189491616e-05,0.44755873184417616,6
1.84,fourier,0.0016239642160965017,0.4539202843022213,1
1.84,fourier,0.0005007096613302579,0.4493019866351093,2
1.84,fourier,0.0002646259187118008,0.4487826233978919,3
1.84,fourier,0.00015038129657894605,0.44860230403257073,4
1.84,fourier,9.537271202459406e-05,0.4485330965932136,5
1.84,fourier,6.415191114164402e-05,0.44849823894810253,6
1.85,fourier,0.0015343145090613952,0.45437390985231263,1
1.85,fourier,0.0004762403816234386,0.45016234456434207,2
1.85,fourier,0.0002471786583684588,0.44969023185750395,3
1.85,fourier,0.0001403526333297426,0.44952600058441633,4
1.85,fourier,8.92713839145515e-05,0.44946273931670316,5
1.85,fourier,6.003880092429898e-05,0.44943075338823696,6
1.86,fourier,0.001462530579148762,0.4548642207174821,1
1.86,fourier,0.0004490277333149269,0.4510227521225056,2
1.86,fourier,0.00023488415411263813,0.45059331377566425,3
1.86,fourier,0.00013248303511053687,0.4504435937254122,4
1.86,fourier,8.406318492772722e-05,0.45038570147528667,5
1.86,fourier,5.6643254666144516e-05,0.4503563148494704,6
1.87,fourier,0.0013973523467109413,0.45538724437024075,1
1.87,fourier,0.0004269564892690929,0.45188254321650817,2
1.87,fourier,0.00022003427183989502,0.45149166042219446,3
1.87,fourier,0.00012491645325001988,0.45135503771283736,4
1.87,fourier,7.932732649294655e-05,0.45130199782304886,5
1.87,fourier,5.319079054649819e-05,0.4512749666280901,6
1.8800000000000001,fourier,0.0013296703952336232,0.45593937789470995,1
1.8800000000000001,fourier,0.0004031171392349097,0.45274112820199297,2
1.8800000000000001,fourier,0.00020822885859542902,0.45238509321042825,3
1.8800000000000001,fourier,0.00011765315891653913,0.45226029964841996,4
1.8800000000000001,fourier,7.454753294414035e-05,0.4522116493487672,5
1.8800000000000001,fourier,4.939164531593282e-05,0.4521867550882182,6
1.8900000000000001,fourier,0.0012733718666036978,0.4565173551070822,1
1.8900000000000001,fourier,0.00038185809401508484,0.45359798575968646,2
1.8900000000000001,fourier,0.00019799912217494337,0.45327346026289145,3
1.8900000000000001,fourier,0.00011024939498536665,0.45315935790065215,4
1.8900000000000001,fourier,6.9949400919697e-05,0.4531146824362401,5
1.8900000000000001,fourier,4.636474751010152e-05,0.45309172918255985,6
1.9000000000000001,fourier,0.0012014171253392372,0.4571182163626132,1
1.9000000000000001,fourier,0.00036192034297729837,0.4544526556215108,2
1.9000000000000001,fourier,0.00018859405101643044,0.45415663336442086,3
1.9000000000000001,fourier,0.00010518689847787641,0.45405220071826385,4
1.9000000000000001,fourier,6.634561329230936e-05,0.45401112813043853,5
1.9000000000000001,fourier,4.3690302974777275e-05,0.4539899400405108,6
1.9100000000000001,fourier,0.0011548496239022082,0.45773928092921606,1
1.9100000000000001,fourier,0.00034206422040350187,0.4553047320720483,2
1.9100000000000001,fourier,0.0001756391250908552,0.4550345052573236,3
1.9100000000000001,fourier,9.799433049971738e-05,0.45493882499924626,4
1.9100000000000001,fourier,6.145096450922046e-05,0.45490102148779127,5
1.9100000000000001,fourier,4.079372973330595e-05,0.4548814405997304,6
1.92,fourier,0.0010891622084697595,0.45837812167236486,1
1.92,fourier,0.00032319955824299413,0.4561538581269164,2
1.92,fourier,0.00016539391657885742,0.4559069872353395,3
1.92,fourier,9.153564902920624e-05,0.4558192352085587,4
1.92,fourier,5.741882829982875e-05,0.4557844010085784,5
1.92,fourier,3.811330493814009e-05,0.45576628528981583,6
1.93,fourier,0.0010533488776787226,0.45903254194185655,1
1.93,fourier,0.0003050196471186538,0.45699972033325503,2
1.93,fourier,0.00015730153313792114,0.45677400701355514,3
1.93,fourier,8.735451945238698e-05,0.45669344242327786,4
1.93,fourier,5.4612498917206944e-05,0.4566613081398162,5
1.93,fourier,3.606111868152774e-05,0.4566445297560965,6
1.94,fourier,0.0009922324735965153,0.45970055444631835,1
1.94,fourier,0.00029131670929311964,0.4578420441119334,2
1.94,fourier,0.00014936425040785022,0.45763550682951354,3
1.94,fourier,8.201270054029292e-05,0.45756146348421695,4
1.94,fourier,5.128817790251713e-05,0.457531786832743,5
1.94,fourier,3.388185151328315e-05,0.45751623061307545,6
1.95,fourier,0.0009490043055743576,0.4603803620022103,1
1.95,fourier,0.00027453178629480195,0.45868058960003555,2
1.95,fourier,0.0001398460603421776,0.45849144176172146,3
1.95,fourier,7.692118768906872e-05,0.4584233202533316,4
1.95,fourier,4.7754030646260856e-05,0.4583958831598027,5
1.95,fourier,3.141814546784702e-05,0.4583814452344848,6
1.96,fourier,0.0009003114027437133,0.46107033997959795,1
1.96,fourier,0.0002596415459717941,0.4595151479298619,2
1.96,fourier,0.00013138098015519196,0.4593417782378041,3
1.96,fourier,7.311328232926174e-05,0.4592790389549338,4
1.96,fourier,4.515165532112794e-05,0.45925364497730914,5
1.96,fourier,2.9784027243361455e-05,0.459240231569262,6
1.97,fourier,0.0008630866754268694,0.46176902031632044,1
1.97,fourier,0.00024566481003219956,0.46034553789991406,2
1.97,fourier,0.0001254008024649599,0.4601864927028686,3
1.97,fourier,6.852087762130611e-05,0.4601286495928932,4
1.97,fourier,4.251764293378524e-05,0.4601051216256035,5
1.97,fourier,2.7803280315327002e-05,0.46009264797755695,6
1.98,fourier,0.0008195466962362455,0.46247507696416906,1
1.98,fourier,0.0002338435766491856,0.4611716030021766,2
1.98,fourier,0.00011719318701416006,0.4610255704448744,3
1.98,fourier,6.437106365275636e-05,0.46097218544016155,4
1.98,fourier,3.972086738552578e-05,0.46095036367090325,5
1.98,fourier,2.6047464117341577e-05,0.4609387530917663,6
1.99,fourier,0.0007801846641764485,0.4631873126576217,1
1.99,fourier,0.00022039224776236873,0.4619932087617014,2
1.99,fourier,0.00011098364773265854,0.46185900454747136,3
1.99,fourier,6.062073136589768e-05,0.46180968258627286,4
1.99,fourier,3.7646587882446505e-05,0.46178942267826606,5
1.99,fourier,2.455909741221126e-05,0.46177860569703333,6
2.0,fourier,0.0007374694050182124,0.46390464688961386,1
2.0,fourier,0.00021056279714549671,0.4628102403580471,2
2.0,fourier,0.00010534076528950405,0.46268679495731807,3
2.0,fourier,5.702048824585572e-05,0.4626411795337582,4
2.0,fourier,3.521000101102635e-05,0.46262235100526955,5
2.0,fourier,2.2863981312525777e-05,0.4626122646175844,6
2.0100000000000002,fourier,0.0007033334285998059,0.46462610497649426,1
2.0100000000000002,fourier,0.00019995946092306422,0.4636226005013219,2
2.0100000000000002,fourier,9.981540108896692e-05,0.46350894766336037,3
2.0100000000000002,fourier,5.388541361757173e-05,0.4634667168503913,4
2.0100000000000002,fourier,3.313985325223235e-05,0.46344920163212566,5
2.0100000000000002,fourier,2.160404580143197e-05,0.46343978863127017,6
2.02,fourier,0.0006750916783782908,0.4653508081305656,1
2.02,fourier,0.00018980104461597568,0.4644302075288601,2
2.02,fourier,9.400082336077218e-05,0.46432547396041535,3
2.02,fourier,5.081920713798249e-05,0.4642863368560343,4
2.02,fourier,3.1119698760214666e-05,0.4642700280049092,5
2.02,fourier,2.033940461209474e-05,0.46426123638604355,6
2.0300000000000002,fourier,0.0006399539539288632,0.4660779644498248,1
2.0300000000000002,fourier,0.00017785284378480013,0.4652329937090801,2
2.0300000000000002,fourier,8.868945977311807e-05,0.46513638980131694,3
2.0300000000000002,fourier,4.8081183679155554e-05,0.46510008334933467,4
2.0300000000000002,fourier,2.916998906349048e-05,0.465084883903755,5
2.0300000000000002,fourier,1.887115573791462e-05,0.4650766663335651,6
2.04,fourier,0.0006144837347659189,0.46680686074611627,1
2.04,fourier,0.00016895064998256323,0.466030903718827,2
2.04,fourier,8.377131006679762e-05,0.4659417152140633,3
2.04,fourier,4.497166525630173e-05,0.46590800136223476,4
2.04,fourier,2.7435817142323862e-05,0.46589382331843027,5
2.04,fourier,1.771733228758862e-05,0.46588613666279094,6
2.05,fourier,0.0005861304841766055,0.46753685510829823,1
2.05,fourier,0.00016196718196333739,0.46682389328691765,2
2.05,fourier,7.869781696438875e-05,0.4667414737942618,3
2.05,fourier,4.2199090689620764e-05,0.466710136952614,4
2.05,fourier,2.5605640622414176e-05,0.4666969003539202,5
2.05,fourier,1.672524627033534e-05,0.4666897052573504,6
2.06,fourier,0.0005562588951814454,0.46826737019045483,1
2.06,fourier,0.00015254419705818345,0.46761192797911544,2
2.06,fourier,7.48569220759683e-05,0.4675356922444363,3
2.06,fourier,4.016485391058027e-05,0.46750653701040334,4
2.06,fourier,2.4472928046941875e-05,0.46749416913331415,5
2.06,fourier,1.569196075789948e-05,0.4674874296432666,6
2.07,fourier,0.0005285257948110355,0.46899788709678936,1
2.07,fourier,0.0001439392581613756,0.46839498211222325,2
2.07,fourier,7.040222991347077e-05,0.4683243999721354,3
2.07,fourier,3.7736012237635946e-05,0.46829724909610415,4
2.07,fourier,2.276222646105716e-05,0.4682856837239791,5
2.07,fourier,1.4712696252559358e-05,0.46827936695631334,6
2.08,fourier,0.0005031852400159857,0.46972793985583927,1
2.08,fourier,0.000137180836592447,0.4691730377832437,2
2.08,fourier,6.730483050944082e-05,0.4691076287299475,3
2.08,fourier,3.561593668490882e-05,0.46908232129258576,4
2.08,fourier,2.146307841369306e-05,0.4690714980664202,5
2.08,fourier,1.3686416890814708e-05,0.4690655739060467,6
2.09,fourier,0.00048059949762280853,0.47045711040155636,1
2.09,fourier,0.00012929621919072809,0.46994608400079546,2
2.09,fourier,6.287207616817537e-05,0.46988541229526365,3
2.09,fourier,3.343145089640214e-05,0.4698618020771414,4
2.09,fourier,2.024831690412147e-05,0.46985166591646976,5
2.09,fourier,1.3010011601650398e-05,0.46984610675006594,6
2.1,fourier,0.00045950370647673507,0.4711850240313051,1
2.1,fourier,0.00012210140628752072,0.47071411591034895,2
2.1,fourier,5.8872920991475224e-05,0.4706577861892551,3
2.1,fourier,3.1470618160638476e-05,0.4706357402102289,4
2.1,fourier,1.896946040214862e-05,0.47062624079421955,5
2.1,fourier,1.2032543756087326e-05,0.47062102127215366,6
2.11,fourier,0.0004371957874610004,0.47191134528590767,1
2.11,fourier,0.00011550531358029267,0.47147713409755904,2
2.11,fourier,5.5473542439937676e-05,0.47142478742320815,3
2.11,fourier,2.9700472368365506e-05,0.47140418463344497,4
2.11,fourier,1.773422248388875e-05,0.4713952759373322,5
2.11,fourier,1.1320364712058234e-05,0.47139037275837314,6
2.12,fourier,0.00041941700066893024,0.47263577421965847,1
2.12,fourier,0.00011002782297557759,0.47223514397061594,2
2.12,fourier,5.261453026301876e-05,0.4721864542775012,3
2.12,fourier,2.8000385633459894e-05,0.4721671843843467,4
2.12,fourier,1.6807272609631494e-05,0.47215882426461836,5
2.12,fourier,1.0698255250160865e-05,0.4721542159860982,6
2.13,fourier,0.000396406989170928,0.47335804302222656,1
2.13,fourier,0.00010396791250550855,0.4729881552030969,2
2.13,fourier,5.028830934010777e-05,0.4729428261009972,3
2.13,fourier,2.6448139610836267e-05,0.4729247885180091,4
2.13,fourier,1.5782785629116577e-05,0.4729169383403717,5
2.13,fourier,1.0004762728008435e-05,0.47291260520557216,6
2.14,fourier,0.0003794250151849711,0.4740779129524545,1
2.14,fourier,9.820855708558244e-05,0.47373618123934264,2
2.14,fourier,4.722216535671229e-05,0.4736939431389479,3
2.14,fourier,2.4904565302420523e-05,0.47367704604308575,4
2.14,fourier,1.4874395668028945e-05,0.4736696703496538,5
2.14,fourier,9.399393493856577e-06,0.4736655941343925,6
2.15,fourier,0.00036281917570600585,0.47479517156881035,1
2.15,fourier,9.303900705956e-05,0.47447923885052784,2
2.15,fourier,4.427305025086736e-05,0.4744398463754961,3
2.15,fourier,2.3193117449171895e-05,0.47442400586085737,4
2.15,fourier,1.3836328822372618e-05,0.474417072072103,5
2.15,fourier,8.790816125960961e-06,0.4744132359463305,6
2.16,fourier,0.00034087113608805366,0.4755096302158926,1
2.16,fourier,8.841934151049039e-05,0.47521734773718494,2
2.16,fourier,4.2068545547391134e-05,0.4751805773952081,3
2.16,fourier,2.1962625726415097e-05,0.47516571671409996,4
2.16,fourier,1.3077822495732435e-05,0.4751591948599964,5
2.16,fourier,8.311996341747418e-06,0.47515558326343804,6
2.17,fourier,0.00033051266733941727,0.47622112175167874,1
2.17,fourier,8.416836529944689e-05,0.4759505301759045,2
2.17,fourier,3.9891553318426296e-05,0.47591617826236415,3
2.17,fourier,2.075922979212286e-05,0.47590222714335295,4
2.17,fourier,1.2290102381532501e-05,0.4758960896238132,5
2.17,fourier,7.766044991658236e-06,0.4758926881546333,6
2.18,fourier,0.0003129280941567957,0.47692949848592814,1
2.18,fourier,7.919616643936575e-05,0.47667881070155305,2
2.18,fourier,3.785366668507266e-05,0.4766466914108825,3
2.18,fourier,1.968970621768737e-05,0.4766335854471119,4
2.18,fourier,1.166029820734393e-05,0.4766278068151983,5
2.18,fourier,7.375106257247243e-06,0.47662460212961094,6
2.19,fourier,0.0003006212185466109,0.477634630315943,1
2.19,fourier,7.567679222136747e-05,0.47740221582438624,2
2.19,fourier,3.526698722461569e-05,0.4773721595503866,3
2.19,fourier,1.850479338308213e-05,0.47735983964881545,4
2.19,fourier,1.0871298198307005e-05,0.4773543964168334,5
2.19,fourier,6.839441088627173e-06,0.4773513761374081,6
2.2,fourier,0.00028486317628677375,0.4783364030368217,1
2.2,fourier,7.170496989890333e-05,0.478120773775692,2
2.2,fourier,3.358325205203331e-05,0.4780926255795501,3
2.2,fourier,1.7355915424899948e-05,0.47808103746616,4
2.2,fourier,1.0286272312859722e-05,0.47807590793109556,5
2.2,fourier,6.4016444596358366e-06,0.47807306056635157,6
2.21,fourier,0.0002703917895692712,0.4790347168117979,1
2.21,fourier,6.759204017817247e-05,0.47883451428351637,2
2.21,fourier,3.184006318135257e-05,0.4788081325141028,3
2.21,fourier,1.6512100242473614e-05,0.47879722628893623,4
2.21,fourier,9.577991489233204e-06,0.4787923903746616,5
2.21,fourier,6.0087014261917586e-06,0.4787897052442369,6
2.22,fourier,0.0002597259188355904,0.4797294847883496,1
2.22,fourier,6.438880070819527e-05,0.4795434683689689,2
2.22,fourier,3.018683555809156e-05,0.47951872341735513,3
2.22,fourier,1.5440778475981623e-05,0.47950845315439666,4
2.22,fourier,9.048397627603395e-06,0.4795038922697058,5
2.22,fourier,5.6527924005341295e-06,0.47950135943799077,6
2.23,fourier,0.00024561124070921706,0.4804206318426486,1
2.23,fourier,6.130342075513595e-05,0.480247668163747,2
2.23,fourier,2.840293707286047e-05,0.4802244413424198,3
2.23,fourier,1.4647920634267741e-05,0.48021476472827057,4
2.23,fourier,8.587858863373868e-06,0.480210461639546,5
2.23,fourier,5.315095459563693e-06,0.4802080718549314,6
2.24,fourier,0.0002358109839097401,0.4811080934447834,1
2.24,fourier,5.7956268240396575e-05,0.48094714675299166,2
2.24,fourier,2.6973613726247585e-05,0.4809253292839141,3
2.24,fourier,1.3709681469330585e-05,0.48091620729310164,4
2.24,fourier,8.082914410996138e-06,0.48091214600823917,5
2.24,fourier,5.021119917011369e-06,0.48090989064848016,6
2.25,fourier,0.00022523592157778268,0.48179181463076104,1
2.25,fourier,5.516439168660738e-05,0.4816419380279336,2
2.25,fourier,2.5117118462238188e-05,0.4816214301298916,3
2.25,fourier,1.2893248578534369e-05,0.4816128267318032,4
2.25,fourier,7.488622464959973e-06,0.4816089923959643,5
2.25,fourier,4.726670666242733e-06,0.4816068634187321,6
2.2600000000000002,fourier,0.00021448636814186284,0.48247174907018575,1
2.2600000000000002,fourier,5.236609478233723e-05,0.4823320765563803,2
2.2600000000000002,fourier,2.4105183854075177e-05,0.48231278662073523,3
2.2600000000000002,fourier,1.2325690425164536e-05,0.48230466851523796,4
2.2600000000000002,fourier,7.08334535229229e-06,0.48230104731671747,5
2.2600000000000002,fourier,4.391943169407053e-06,0.4822990372140232,6
2.27,fourier,0.0002048046406867875,0.48314785822533457,1
2.27,fourier,4.935956077932848e-05,0.4830175974717479,2
2.27,fourier,2.2734524327208803e-05,0.48299944131896094,3
2.27,fourier,1.1546756350461156e-05,0.482991777698154,4
2.27,fourier,6.705681314962615e-06,0.4829883567822977,5
2.27,fourier,4.12225461203584e-06,0.4829864585394791,6
2.2800000000000002,fourier,0.00019692957950784813,0.48382011058542673,1
2.2800000000000002,fourier,4.693416918578573e-05,0.48369853636521354,2
2.2800000000000002,fourier,2.1389171483227247e-05,0.48368143657346324,3
2.2800000000000002,fourier,1.0848064546960774e-05,0.4836741989053217,4
2.2800000000000002,fourier,6.27235397549868e-06,0.4836709662979122,5
2.2800000000000002,fourier,3.895580771945608e-06,0.483669173356549,6
2.29,fourier,0.00018549926424541653,0.48448848097727437,1
2.29,fourier,4.4626950549934414e-05,0.48437492919888275,2
2.29,fourier,2.045266587448931e-05,0.4843588144964269,3
2.29,fourier,1.0175009631941988e-05,0.4843519763309046,4
2.29,fourier,5.888028351871031e-06,0.4843489208664995,5
2.29,fourier,3.656600089222044e-06,0.4843472270902552,6
2.3000000000000003,fourier,0.00017906850923669063,0.48515294993833447,1
2.3000000000000003,fourier,4.21804060495132e-05,0.48504681222222873,2
2.3000000000000003,fourier,1.9251105319779667e-05,0.48503161693969593,3
2.3000000000000003,fourier,9.667389925408035e-06,0.48502515373151533,4
2.3000000000000003,fourier,5.559945774906202e-06,0.48502226499170686,5
2.3000000000000003,fourier,3.422410695323985e-06,0.48502066463454424,6
2.31,fourier,0.00016800744860117085,0.48581350315020055,1
2.31,fourier,3.998839361436604e-05,0.48571422189875735,2
2.31,fourier,1.8214933191796978e-05,0.4856998854724851,3
2.31,fourier,9.11500201780668e-06,0.4856937744223408,4
2.31,fourier,5.269605248231387e-06,0.48569104267609636,5
2.31,fourier,3.2426502603696696e-06,0.4856895303547592,6
2.32,fourier,0.00016018989000847158,0.4864701309254093,1
2.32,fourier,3.802937982577643e-05,0.4863771948420093,2
2.32,fourier,1.7281600882047752e-05,0.48636366136569104,3
2.32,fourier,8.51636681892138e-06,0.4863578812753943,4
2.32,fourier,4.9173478538236e-06,0.48635529742647315,5
2.32,fourier,3.0207968673317702e-06,0.4863538680940363,6
2.33,fourier,0.0001544245457579354,0.48712282774238147,1
2.33,fourier,3.567698000099143e-05,0.4870357677582201,2
2.33,fourier,1.6240746170210083e-05,0.4870229855768959,3
2.33,fourier,8.090008915293837e-06,0.4870175167181204,4
2.33,fourier,4.642258026680372e-06,0.48701507225775154,5
2.33,fourier,2.828969584816197e-06,0.4870137211795692,6
2.34,fourier,0.00014611844649637905,0.48777159182645363,1
2.34,fourier,3.391262272292621e-05,0.4876899773952947,2
2.34,fourier,1.5287969515884836e-05,0.48767789873721556,3
2.34,fourier,7.565030676211715e-06,0.4876727227329139,4
2.34,fourier,4.3642654709625905e-06,0.4876704096950415,5
2.34,fourier,2.67665825172114e-06,0.4876691324273666,6
2.35,fourier,0.00013862330907176595,0.48841642476568753,1
2.35,fourier,3.252474792688124e-05,0.4883398604964853,2
2.35,fourier,1.449923249736076e-05,0.48832844114061885,3
2.35,fourier,7.148509507166692e-06,0.4883235408568886,4
2.35,fourier,4.109070424458912e-06,0.4883213517787252,5
2.35,fourier,2.5191553391195827e-06,0.48832014414851843,6
2.36,fourier,0.00013520261398772875,0.48905733116888084,1
2.36,fourier,3.055461683572686e-05,0.48898545376102615,2
2.36,fourier,1.381886205383703e-05,0.4889746527344208,3
2.36,fourier,6.863416584007328e-06,0.4889700121821158,4
2.36,fourier,3.87863144815842e-06,0.48896794006713623,5
2.36,fourier,2.3730552519329625e-06,0.488966798152983,6
2.37,fourier,0.00012823996627233582,0.489694318351207,1
2.37,fourier,2.9412228134752357e-05,0.48962679380713003,2
2.37,fourier,1.3060268131456513e-05,0.4896165731116512,3
2.37,fourier,6.4104128176252135e-06,0.4896121773572345,4
2.37,fourier,3.6500556235810236e-06,0.4896102156422388,5
2.37,fourier,2.2113043884464996e-06,0.4896091357580737,6
2.38,fourier,0.00012088762655683149,0.4903273960511708,1
2.38,fourier,2.7426854017506407e-05,0.49026391713965606,2
2.38,fourier,1.2237167167862647e-05,0.4902542415030867,3
2.38,fourier,6.045489971938983e-06,0.49025007658718317,4
2.38,fourier,3.4335787800314086e-06,0.4902482191108729,5
2.38,fourier,2.064464584978492e-06,0.4902471977900444,6
2.39,fourier,0.00011523169745703121,0.4909565761769873,1
2.39,fourier,2.623082284128218e-05,0.49089686012532285,2
2.39,fourier,1.1713964155827055e-05,0.49088769677618804,3
2.39,fourier,5.708049240750196e-06,0.49088374963958575,4
2.39,fourier,3.2188931668057983e-06,0.4908819906150496,5
2.39,fourier,1.9559665496690587e-06,0.49088102459550303,6
2.4,fourier,0.00011025558752142919,0.49158187257196806,1
2.4,fourier,2.5013563646098043e-05,0.4915256589654303,2
2.4,fourier,1.1002516664227014e-05,0.4915169774276796,3
2.4,fourier,5.360747301170062e-06,0.4915132358435214,4
2.4,fourier,3.0113888402888385e-06,0.4915115698318193,5
2.4,fourier,1.8309820142204356e-06,0.4915106560435533,6
2.41,fourier,0.00010432873524894313,0.49220330080572683,1
2.41,fourier,2.375255809577085e-05,0.4921503496745746,2
2.41,fourier,1.0480888133928056e-05,0.49214212158150145,3
2.41,fourier,5.054063942566543e-06,0.4921385740936524,4
2.41,fourier,2.8621512888542478e-06,0.492136995980462,5
2.41,fourier,1.737088334631834e-06,0.49213613153233254,6
2.42,fourier,0.00010064593326194058,0.4928208779839252,1
2.42,fourier,2.2543809743837518e-05,0.4927709680615997,2
2.42,fourier,9.92054125834712e-06,0.49276316698670247,3
2.42,fourier,4.806381405992304e-06,0.49275980285302,4
2.42,fourier,2.697635327709791e-06,0.4927583078267305,5
2.42,fourier,1.6405607743038549e-06,0.4927574899954211,6
2.43,fourier,9.657713995466654e-05,0.49343462257712123,1
2.43,fourier,2.1384692920652186e-05,0.4933875497137031,2
2.43,fourier,9.294686713647455e-06,0.49338015101550414,3
2.43,fourier,4.509500404182276e-06,0.4933769601565,4
2.43,fourier,2.5336663856416003e-06,0.49337554368786873,5
2.43,fourier,1.5275246972506134e-06,0.4933747699071997,6
2.44,fourier,9.260538320330291e-05,0.4940445542635716,1
2.44,fourier,2.0317727421096406e-05,0.49400012998046555,2
2.44,fourier,8.823039829534488e-06,0.4939931106634276,3
2.44,fourier,4.235471436136231e-06,0.49399008361493657,4
2.44,fourier,2.376910939126491e-06,0.49398874143837823,5
2.44,fourier,1.4308190316669328e-06,0.4939880092896518,6
2.45,fourier,8.811752689305068e-05,0.49465069378622045,1
2.45,fourier,1.9246213960933672e-05,0.4946087439590684,2
2.45,fourier,8.335502549018542e-06,0.49460208254446386,3
2.45,fourier,4.002453245455853e-06,0.4945992104137553,4
2.45,fourier,2.241139225172157e-06,0.4945979385105713,5
2.45,fourier,1.3481422145174832e-06,0.49459724571302954,6
2.46,fourier,8.359924323095515e-05,0.49525306283324655,1
2.46,fourier,1.8246595280487956e-05,0.4952134264922567,2
2.46,fourier,7.918395876670322e-06,0.4952071029011792,3
2.46,fourier,3.810537642778775e-06,0.49520437732808004,4
2.46,fourier,2.100091803259249e-06,0.49520317191036894,5
2.46,fourier,1.272103515063694e-06,0.49520251631290335,6
2.47,fourier,8.012731948912991e-05,0.4958516839132523,1
2.47,fourier,1.7165497657412982e-05,0.4958142121477605,2
2.47,fourier,7.491500842463106e-06,0.4958082075960115,3
2.47,fourier,3.564122659922205e-06,0.49580562071485756,4
2.47,fourier,1.988248781432755e-06,0.4958044782107374,5
2.47,fourier,1.1905237562095012e-06,0.49580385778444785,6
2.48,fourier,7.60553524010122e-05,0.49644658025486155,1
2.48,fourier,1.6552042645568802e-05,0.49641113521564606,2
2.48,fourier,7.0428730033999626e-06,0.49640543211481725,3
2.48,fourier,3.387594913583584e-06,0.49640297652236426,4
2.48,fourier,1.8721831432116968e-06,0.4964018935625928,5
2.48,fourier,1.1240788401750977e-06,0.49640130639207475,6
2.49,fourier,7.314688914383765e-05,0.49703777571335456,1
2.49,fourier,1.561916290106823e-05,0.4970042297017904,2
2.49,fourier,6.682074514316507e-06,0.49699881157124765,3
2.49,fourier,3.1737251019093857e-06,0.4969964802944493,4
2.49,fourier,1.7617918595735082e-06,0.49699545369956144,5
2.49,fourier,1.051841162395405e-06,0.4969948979776109,6
